Node id | Latitud | Longitud
240949599 | 41.3833 | 2.1818 
240949598 | 41.3833 | 2.1817 
240950218 | 41.3832 | 2.1818 
240948713 | 41.3831 | 2.1819 
30647253 | 41.3830 | 2.1821 
240966357 | 41.3829 | 2.1823 
242285100 | 41.3828 | 2.1826 
240951420 | 41.3823 | 2.1822 
209101900 | 41.3821 | 2.1820 
30254229 | 41.3817 | 2.1817 
533663031 | 41.3814 | 2.1822 
190985499 | 41.3813 | 2.1823 
190983326 | 41.3810 | 2.1820 
1401457921 | 41.3809 | 2.1819 
21638909 | 41.3805 | 2.1816 
21638910 | 41.3801 | 2.1812 
1401457879 | 41.3795 | 2.1808 
21638911 | 41.3794 | 2.1806 
21638912 | 41.3788 | 2.1802 
21638913 | 41.3781 | 2.1797 
1401457844 | 41.3780 | 2.1796 
21638914 | 41.3774 | 2.1791 
21638915 | 41.3770 | 2.1787 
1401606713 | 41.3763 | 2.1782 
1401278789 | 41.3762 | 2.1781 
21638916 | 41.3761 | 2.1780 
1259351860 | 41.3761 | 2.1781 
21638917 | 41.3760 | 2.1782 
21638918 | 41.3758 | 2.1782 
21638919 | 41.3757 | 2.1781 
1400747693 | 41.3756 | 2.1781 
559953075 | 41.3755 | 2.1783 
1401272493 | 41.3750 | 2.1781 
1401569988 | 41.3750 | 2.1781 
1401569976 | 41.3740 | 2.1773 
1401592281 | 41.3740 | 2.1772 
1401569965 | 41.3740 | 2.1772 
1401569961 | 41.3739 | 2.1772 
1401569959 | 41.3739 | 2.1771 
1401592274 | 41.3739 | 2.1771 
1401268179 | 41.3738 | 2.1771 
1401592261 | 41.3737 | 2.1771 
1401592260 | 41.3737 | 2.1770 
1401592257 | 41.3737 | 2.1770 
1401592254 | 41.3737 | 2.1770 
1401592246 | 41.3736 | 2.1769 
1401592243 | 41.3735 | 2.1769 
1401592235 | 41.3734 | 2.1768 
1401592233 | 41.3734 | 2.1768 
1401592225 | 41.3734 | 2.1768 
1401592219 | 41.3733 | 2.1768 
1401592204 | 41.3732 | 2.1769 
1401592183 | 41.3732 | 2.1770 
1401592179 | 41.3732 | 2.1771 
1401568859 | 41.3731 | 2.1770 
1401592157 | 41.3731 | 2.1770 
1401592114 | 41.3729 | 2.1774 
1404685274 | 41.3729 | 2.1774 
1404685273 | 41.3729 | 2.1774 
1404685269 | 41.3729 | 2.1774 
1404354310 | 41.3727 | 2.1773 
1404354312 | 41.3727 | 2.1771 
1404354308 | 41.3726 | 2.1770 
1404354304 | 41.3720 | 2.1769 
1404356719 | 41.3715 | 2.1768 
1404356716 | 41.3713 | 2.1768 
1458038405 | 41.3711 | 2.1768 
1458038394 | 41.3711 | 2.1769 
1458038393 | 41.3715 | 2.1769 
1458038404 | 41.3724 | 2.1770 
1458038395 | 41.3724 | 2.1771 
468523299 | 41.3723 | 2.1775 
595386806 | 38.9119 | 1.4358 
279203125 | 38.9124 | 1.4353 
567448084 | 38.9116 | 1.4354 
567448083 | 38.9115 | 1.4359 
1430537330 | 38.8430 | 0.1161 
1430537333 | 38.8434 | 0.1157 
30664670 | 38.8433 | 0.1156 
1430537361 | 38.8449 | 0.1140 
30663067 | 38.8455 | 0.1132 
30662658 | 38.8472 | 0.1110 
1430537375 | 38.8464 | 0.1100 
1430537388 | 38.8467 | 0.1096 
1430537386 | 38.8466 | 0.1095 
1430537373 | 38.8463 | 0.1098 
1448543358 | 38.8460 | 0.1094 
1448543357 | 38.8459 | 0.1094 
30660153 | 38.8458 | 0.1094 
1448543356 | 38.8456 | 0.1097 
1448543355 | 38.8456 | 0.1096 
30659600 | 38.8442 | 0.1116 
30661291 | 38.8447 | 0.1122 
30660740 | 38.8440 | 0.1130 
282408139 | 38.8437 | 0.1125 
30660787 | 38.8430 | 0.1117 
30665509 | 38.8420 | 0.1131 
30665109 | 38.8421 | 0.1134 
30666140 | 38.8417 | 0.1139 
30663636 | 38.8415 | 0.1137 
30663219 | 38.8402 | 0.1154 
30664338 | 38.8400 | 0.1151 
30663941 | 38.8395 | 0.1155 
30661777 | 38.8398 | 0.1160 
30662365 | 38.8398 | 0.1161 
30662748 | 38.8395 | 0.1158 
307397082 | 38.8393 | 0.1160 
30663188 | 38.8398 | 0.1165 
30659996 | 38.8392 | 0.1180 
30660558 | 38.8396 | 0.1165 
30661119 | 38.8392 | 0.1160 
30665008 | 38.8389 | 0.1164 
30665499 | 38.8386 | 0.1161 
539518901 | 38.8384 | 0.1164 
539518885 | 38.8382 | 0.1167 
30665679 | 38.8376 | 0.1173 
539518864 | 38.8376 | 0.1176 
539518848 | 38.8374 | 0.1182 
539518812 | 38.8372 | 0.1188 
539518792 | 38.8371 | 0.1193 
539518779 | 38.8369 | 0.1198 
30666202 | 38.8368 | 0.1204 
30663594 | 38.8380 | 0.1209 
30663663 | 38.8380 | 0.1213 
30664014 | 38.8382 | 0.1214 
539518502 | 38.8392 | 0.1211 
30664358 | 38.8395 | 0.1210 
539518344 | 38.8396 | 0.1210 
539518324 | 38.8401 | 0.1208 
539518307 | 38.8406 | 0.1207 
30662785 | 38.8413 | 0.1205 
539518268 | 38.8412 | 0.1200 
30662859 | 38.8412 | 0.1200 
30659069 | 38.8417 | 0.1198 
30659210 | 38.8416 | 0.1192 
30659802 | 38.8419 | 0.1190 
30660447 | 38.8420 | 0.1193 
30661005 | 38.8418 | 0.1196 
30665079 | 38.8421 | 0.1210 
30663781 | 38.8418 | 0.1213 
30664138 | 38.8412 | 0.1215 
30664570 | 38.8402 | 0.1217 
30661674 | 38.8385 | 0.1221 
30660121 | 38.8363 | 0.1207 
30664373 | 38.8360 | 0.1206 
30664028 | 38.8350 | 0.1222 
30663038 | 38.8325 | 0.1303 
30662182 | 38.8328 | 0.1309 
30664204 | 38.8333 | 0.1319 
30663849 | 38.8335 | 0.1326 
30663253 | 38.8340 | 0.1327 
30665857 | 38.8341 | 0.1329 
30665805 | 38.8342 | 0.1330 
30665478 | 38.8349 | 0.1330 
30665121 | 38.8350 | 0.1328 
30661250 | 38.8355 | 0.1328 
30660098 | 38.8353 | 0.1333 
30659751 | 38.8351 | 0.1333 
30659457 | 38.8350 | 0.1335 
30663135 | 38.8345 | 0.1337 
30662737 | 38.8344 | 0.1338 
30662383 | 38.8344 | 0.1342 
30664726 | 38.8340 | 0.1355 
30664318 | 38.8342 | 0.1365 
30663803 | 38.8342 | 0.1368 
30665953 | 38.8340 | 0.1378 
30666111 | 38.8340 | 0.1381 
30665361 | 38.8336 | 0.1385 
30665014 | 38.8338 | 0.1391 
30661079 | 38.8338 | 0.1394 
30663984 | 38.8320 | 0.1444 
30663620 | 38.8321 | 0.1454 
30666029 | 38.8319 | 0.1467 
30665666 | 38.8316 | 0.1474 
30665375 | 38.8317 | 0.1477 
30664955 | 38.8318 | 0.1484 
30661023 | 38.8313 | 0.1484 
30659846 | 38.8305 | 0.1492 
30659961 | 38.8304 | 0.1494 
30666156 | 38.8282 | 0.1534 
30665044 | 38.8276 | 0.1544 
931763703 | 38.8274 | 0.1542 
931763701 | 38.8273 | 0.1543 
931763698 | 38.8273 | 0.1545 
30664822 | 38.8272 | 0.1546 
30665217 | 38.8270 | 0.1549 
30660247 | 38.8269 | 0.1549 
30661025 | 38.8267 | 0.1551 
30659261 | 38.8267 | 0.1553 
30661049 | 38.8264 | 0.1550 
931763679 | 38.8260 | 0.1552 
30659374 | 38.8260 | 0.1553 
30660119 | 38.8256 | 0.1558 
30662791 | 38.8255 | 0.1555 
931763664 | 38.8254 | 0.1556 
30663182 | 38.8253 | 0.1558 
30661963 | 38.8250 | 0.1561 
931763649 | 38.8249 | 0.1567 
30662431 | 38.8248 | 0.1567 
931763645 | 38.8246 | 0.1572 
931763643 | 38.8243 | 0.1571 
30664323 | 38.8243 | 0.1572 
931763637 | 38.8243 | 0.1576 
931763635 | 38.8242 | 0.1578 
931763633 | 38.8241 | 0.1578 
30664082 | 38.8242 | 0.1579 
30664554 | 38.8240 | 0.1582 
931763631 | 38.8242 | 0.1584 
931763622 | 38.8239 | 0.1586 
30663787 | 38.8236 | 0.1589 
931763621 | 38.8237 | 0.1592 
931763620 | 38.8235 | 0.1595 
931763619 | 38.8232 | 0.1594 
931763618 | 38.8230 | 0.1598 
931763616 | 38.8227 | 0.1597 
931763615 | 38.8225 | 0.1596 
931763613 | 38.8219 | 0.1598 
30665685 | 38.8217 | 0.1603 
30666045 | 38.8217 | 0.1607 
30664902 | 38.8214 | 0.1609 
30665263 | 38.8210 | 0.1608 
30660459 | 38.8207 | 0.1606 
30660749 | 38.8204 | 0.1610 
30661236 | 38.8204 | 0.1614 
30659515 | 38.8206 | 0.1618 
30659970 | 38.8205 | 0.1621 
30662725 | 38.8202 | 0.1622 
30663036 | 38.8200 | 0.1619 
30661638 | 38.8197 | 0.1621 
30662298 | 38.8198 | 0.1625 
30664002 | 38.8198 | 0.1629 
30664466 | 38.8196 | 0.1632 
30663310 | 38.8196 | 0.1635 
30663855 | 38.8191 | 0.1640 
30665722 | 38.8188 | 0.1646 
30664975 | 38.8181 | 0.1658 
30665387 | 38.8182 | 0.1659 
30659226 | 38.8180 | 0.1662 
30659843 | 38.8178 | 0.1664 
30662632 | 38.8175 | 0.1664 
30663002 | 38.8175 | 0.1668 
576996838 | 38.8174 | 0.1667 
576996837 | 38.8153 | 0.1659 
576996836 | 38.8131 | 0.1625 
576996835 | 38.8098 | 0.1596 
576996833 | 38.8058 | 0.1554 
576996832 | 38.8055 | 0.1531 
576996830 | 38.8044 | 0.1458 
576996828 | 38.8037 | 0.1421 
576996826 | 38.8032 | 0.1306 
576996824 | 38.8032 | 0.1297 
576996823 | 38.8033 | 0.1293 
576996821 | 38.8038 | 0.1285 
576996819 | 38.8046 | 0.1281 
576996818 | 38.8049 | 0.1278 
576996817 | 38.8052 | 0.1273 
576996815 | 38.8054 | 0.1263 
576996814 | 38.8056 | 0.1260 
576996813 | 38.8060 | 0.1255 
576996812 | 38.8064 | 0.1247 
576996810 | 38.8066 | 0.1242 
576996809 | 38.8067 | 0.1237 
576996807 | 38.8069 | 0.1234 
576996806 | 38.8071 | 0.1231 
576996804 | 38.8072 | 0.1226 
576996803 | 38.8073 | 0.1218 
576996801 | 38.8077 | 0.1200 
576996799 | 38.8082 | 0.1131 
576996798 | 38.8080 | 0.1129 
576996797 | 38.8076 | 0.1126 
576996796 | 38.8074 | 0.1120 
576996795 | 38.8076 | 0.1113 
576996794 | 38.8077 | 0.1107 
576996793 | 38.8076 | 0.1099 
576996791 | 38.8076 | 0.1092 
576996790 | 38.8077 | 0.1085 
576996788 | 38.8081 | 0.1060 
576996787 | 38.8073 | 0.1063 
576996785 | 38.8070 | 0.1063 
576996783 | 38.8064 | 0.1062 
576996782 | 38.8057 | 0.1059 
576996780 | 38.8050 | 0.1058 
576996779 | 38.8042 | 0.1058 
576996778 | 38.8039 | 0.1057 
576996777 | 38.8036 | 0.1053 
576996776 | 38.8034 | 0.1049 
576996775 | 38.8032 | 0.1045 
576996774 | 38.8025 | 0.1041 
576996773 | 38.8019 | 0.1034 
576996772 | 38.8013 | 0.1030 
576996771 | 38.8006 | 0.1029 
1158172212 | 38.8003 | 0.1031 
1158172198 | 38.7998 | 0.1030 
257897186 | 38.8000 | 0.1016 
257897185 | 38.8001 | 0.1008 
257897184 | 38.8001 | 0.0998 
257897183 | 38.8004 | 0.0990 
257897182 | 38.8011 | 0.0965 
257897181 | 38.8015 | 0.0955 
257897180 | 38.8021 | 0.0946 
257897179 | 38.8030 | 0.0931 
257897178 | 38.8038 | 0.0920 
257897177 | 38.8044 | 0.0913 
257899716 | 38.8049 | 0.0906 
257899715 | 38.8047 | 0.0904 
257899714 | 38.8044 | 0.0901 
257899713 | 38.8042 | 0.0901 
257899712 | 38.8037 | 0.0905 
257899711 | 38.8032 | 0.0908 
257899710 | 38.8028 | 0.0911 
257899709 | 38.8025 | 0.0913 
257899708 | 38.8019 | 0.0911 
257899707 | 38.8018 | 0.0909 
257899706 | 38.8017 | 0.0907 
257899705 | 38.8017 | 0.0902 
1181066705 | 38.8016 | 0.0900 
257899704 | 38.8014 | 0.0892 
257899703 | 38.8013 | 0.0885 
257899702 | 38.8011 | 0.0881 
1181066631 | 38.8010 | 0.0880 
257899701 | 38.7998 | 0.0870 
1179316650 | 38.7993 | 0.0870 
257899700 | 38.7982 | 0.0869 
257899699 | 38.7979 | 0.0871 
257899698 | 38.7972 | 0.0876 
257899697 | 38.7965 | 0.0881 
257899696 | 38.7962 | 0.0882 
257899695 | 38.7957 | 0.0880 
257899694 | 38.7950 | 0.0876 
257899693 | 38.7946 | 0.0874 
257899692 | 38.7937 | 0.0873 
257899691 | 38.7934 | 0.0872 
1181086514 | 38.7932 | 0.0871 
257899690 | 38.7931 | 0.0870 
1181086597 | 38.7931 | 0.0867 
1181086598 | 38.7929 | 0.0859 
1181086668 | 38.7928 | 0.0853 
1181086477 | 38.7927 | 0.0847 
1181086659 | 38.7926 | 0.0841 
1181086762 | 38.7925 | 0.0838 
1181086450 | 38.7924 | 0.0836 
1181086642 | 38.7923 | 0.0835 
1181086498 | 38.7919 | 0.0830 
1181086556 | 38.7920 | 0.0826 
1181086439 | 38.7920 | 0.0822 
1181086739 | 38.7919 | 0.0818 
1181086728 | 38.7921 | 0.0813 
1292051230 | 38.7923 | 0.0811 
1292051189 | 38.7922 | 0.0806 
1292051184 | 38.7922 | 0.0802 
1292051208 | 38.7923 | 0.0797 
1292051231 | 38.7924 | 0.0795 
1292051187 | 38.7927 | 0.0791 
1292051196 | 38.7928 | 0.0791 
576613314 | 38.7936 | 0.0766 
576613313 | 38.7935 | 0.0727 
576613312 | 38.7930 | 0.0727 
576613311 | 38.7922 | 0.0725 
576613310 | 38.7918 | 0.0726 
576613309 | 38.7911 | 0.0723 
576613308 | 38.7906 | 0.0720 
576613307 | 38.7869 | 0.0692 
576613306 | 38.7848 | 0.0693 
576613305 | 38.7835 | 0.0693 
711780299 | 38.7829 | 0.0672 
576613304 | 38.7818 | 0.0640 
711715778 | 38.7816 | 0.0624 
711747111 | 38.7805 | 0.0545 
711780402 | 38.7805 | 0.0543 
711715808 | 38.7793 | 0.0508 
711715805 | 38.7786 | 0.0485 
576613302 | 38.7774 | 0.0446 
711715804 | 38.7756 | 0.0408 
576613301 | 38.7750 | 0.0396 
576613300 | 38.7663 | 0.0377 
576613299 | 38.7636 | 0.0337 
1304434260 | 38.7650 | 0.0283 
576923964 | 38.7661 | 0.0243 
1304415259 | 38.7665 | 0.0180 
576923963 | 38.7665 | 0.0167 
576923962 | 38.7693 | 0.0063 
1304415314 | 38.7696 | 0.0062 
576923969 | 38.7767 | 0.0045 
576923968 | 38.7777 | 0.0043 
576923967 | 38.7805 | -0.0006 
576923966 | 38.7816 | -0.0041 
576923965 | 38.7828 | -0.0077 
577011220 | 38.7830 | -0.0082 
577011219 | 38.7817 | -0.0106 
577011218 | 38.7807 | -0.0141 
577011217 | 38.7796 | -0.0158 
577011216 | 38.7791 | -0.0167 
577011215 | 38.7789 | -0.0178 
577011214 | 38.7787 | -0.0204 
577011213 | 38.7785 | -0.0209 
577011212 | 38.7777 | -0.0222 
577011211 | 38.7761 | -0.0239 
576156851 | 38.7753 | -0.0261 
576156847 | 38.7748 | -0.0261 
576156843 | 38.7732 | -0.0286 
576156838 | 38.7716 | -0.0313 
576156835 | 38.7707 | -0.0321 
576156831 | 38.7699 | -0.0338 
576156827 | 38.7690 | -0.0360 
576156822 | 38.7676 | -0.0386 
576156820 | 38.7662 | -0.0415 
576156815 | 38.7643 | -0.0429 
576156812 | 38.7624 | -0.0448 
576156808 | 38.7607 | -0.0478 
576156805 | 38.7603 | -0.0486 
576156803 | 38.7598 | -0.0501 
576156459 | 38.7597 | -0.0505 
576156457 | 38.7610 | -0.0535 
576156454 | 38.7630 | -0.0543 
576156451 | 38.7647 | -0.0549 
576156448 | 38.7663 | -0.0626 
576156445 | 38.7674 | -0.0645 
576156442 | 38.7719 | -0.0668 
576156440 | 38.7740 | -0.0777 
576156437 | 38.7770 | -0.0818 
576039302 | 38.7788 | -0.0852 
576039303 | 38.7814 | -0.0868 
576039304 | 38.7829 | -0.0878 
576039305 | 38.7849 | -0.0882 
576039306 | 38.7862 | -0.0894 
576039307 | 38.7866 | -0.0906 
576039308 | 38.7877 | -0.0915 
576039309 | 38.7890 | -0.0927 
576039310 | 38.7899 | -0.0937 
576039311 | 38.7901 | -0.0940 
576039312 | 38.7905 | -0.0959 
576039313 | 38.7916 | -0.0985 
576039314 | 38.7929 | -0.1016 
576039315 | 38.7932 | -0.1041 
576039316 | 38.7939 | -0.1061 
576039317 | 38.7943 | -0.1079 
576039318 | 38.7957 | -0.1100 
576039319 | 38.7966 | -0.1115 
576039320 | 38.7968 | -0.1130 
576039321 | 38.7970 | -0.1146 
576039322 | 38.7968 | -0.1173 
576039323 | 38.7970 | -0.1218 
576039324 | 38.7972 | -0.1239 
576039325 | 38.7974 | -0.1269 
576039046 | 38.7969 | -0.1324 
576039136 | 38.7912 | -0.1383 
576039137 | 38.7906 | -0.1405 
576039139 | 38.7888 | -0.1446 
576039141 | 38.7870 | -0.1489 
576039143 | 38.7851 | -0.1520 
576039145 | 38.7815 | -0.1589 
576039051 | 38.7733 | -0.1758 
576039050 | 38.7697 | -0.1875 
576039049 | 38.7700 | -0.1957 
576039048 | 38.7704 | -0.1976 
576039013 | 38.7707 | -0.1996 
576039014 | 38.7708 | -0.2024 
576039015 | 38.7715 | -0.2097 
576039016 | 38.7719 | -0.2154 
576039017 | 38.7745 | -0.2462 
576039018 | 38.7748 | -0.2498 
576039019 | 38.7752 | -0.2556 
576039020 | 38.7743 | -0.2571 
576039021 | 38.7736 | -0.2583 
576039022 | 38.7727 | -0.2608 
576039023 | 38.7719 | -0.2622 
576039024 | 38.7718 | -0.2627 
576039025 | 38.7715 | -0.2650 
576039026 | 38.7713 | -0.2656 
576039027 | 38.7711 | -0.2661 
576039028 | 38.7707 | -0.2668 
576039029 | 38.7698 | -0.2677 
576039030 | 38.7692 | -0.2686 
576039031 | 38.7690 | -0.2694 
576039032 | 38.7690 | -0.2699 
576039033 | 38.7692 | -0.2707 
576039034 | 38.7692 | -0.2715 
252049589 | 38.7691 | -0.2718 
252049588 | 38.7687 | -0.2727 
252049587 | 38.7686 | -0.2730 
454214719 | 38.7686 | -0.2731 
576039037 | 38.7675 | -0.2742 
576039038 | 38.7657 | -0.2768 
576039039 | 38.7653 | -0.2777 
576039040 | 38.7643 | -0.2804 
576039041 | 38.7642 | -0.2809 
576039042 | 38.7643 | -0.2814 
576039043 | 38.7646 | -0.2823 
576039044 | 38.7650 | -0.2838 
576039045 | 38.7656 | -0.2854 
576038865 | 38.7662 | -0.2870 
576038866 | 38.7669 | -0.2873 
576038867 | 38.7680 | -0.2874 
576038868 | 38.7689 | -0.2881 
576038869 | 38.7694 | -0.2883 
576038870 | 38.7700 | -0.2889 
576038871 | 38.7706 | -0.2895 
576038872 | 38.7722 | -0.2920 
576038873 | 38.7743 | -0.2913 
576038874 | 38.7754 | -0.2905 
576038875 | 38.7772 | -0.2886 
576038876 | 38.7828 | -0.2836 
576038877 | 38.7861 | -0.2852 
576038878 | 38.7871 | -0.2856 
576038879 | 38.7901 | -0.2863 
576038880 | 38.7925 | -0.2867 
576038881 | 38.7935 | -0.2870 
576038882 | 38.7947 | -0.2871 
576038883 | 38.7959 | -0.2870 
576038884 | 38.7977 | -0.2871 
576038885 | 38.7990 | -0.2871 
576038886 | 38.7999 | -0.2869 
576038887 | 38.8057 | -0.2857 
576039211 | 38.8070 | -0.2869 
576039209 | 38.8101 | -0.2898 
576039208 | 38.8118 | -0.2913 
576039207 | 38.8157 | -0.2950 
576039205 | 38.8174 | -0.2962 
576039203 | 38.8204 | -0.2980 
576039202 | 38.8205 | -0.2983 
576039172 | 38.8223 | -0.3072 
576923952 | 38.8223 | -0.3079 
576923953 | 38.8223 | -0.3085 
576923954 | 38.8221 | -0.3091 
576923955 | 38.8207 | -0.3110 
576923956 | 38.8164 | -0.3174 
575697087 | 38.8144 | -0.3206 
575697093 | 38.8139 | -0.3220 
575697095 | 38.8129 | -0.3259 
575697097 | 38.8120 | -0.3273 
575697099 | 38.8097 | -0.3312 
575697100 | 38.8100 | -0.3348 
575697101 | 38.8108 | -0.3428 
575697102 | 38.8105 | -0.3477 
575697104 | 38.8107 | -0.3480 
575697106 | 38.8115 | -0.3491 
575697108 | 38.8117 | -0.3498 
575697109 | 38.8118 | -0.3508 
575697111 | 38.8119 | -0.3518 
575697113 | 38.8117 | -0.3535 
575697115 | 38.8117 | -0.3542 
575697118 | 38.8118 | -0.3546 
575697120 | 38.8128 | -0.3564 
575697122 | 38.8122 | -0.3568 
575697124 | 38.8110 | -0.3572 
575697125 | 38.8095 | -0.3580 
575697128 | 38.8088 | -0.3588 
575697130 | 38.8082 | -0.3601 
575697132 | 38.8076 | -0.3616 
575697133 | 38.8075 | -0.3626 
575697134 | 38.8075 | -0.3636 
575697135 | 38.8074 | -0.3643 
575697136 | 38.8069 | -0.3653 
575697137 | 38.8064 | -0.3664 
575697138 | 38.8059 | -0.3672 
575697139 | 38.8059 | -0.3675 
575697140 | 38.8077 | -0.3702 
575697141 | 38.8083 | -0.3709 
575697142 | 38.8086 | -0.3712 
575697143 | 38.8087 | -0.3747 
575697144 | 38.8090 | -0.3801 
575697145 | 38.8103 | -0.3858 
575697146 | 38.8135 | -0.3891 
575697147 | 38.8156 | -0.3914 
575697148 | 38.8184 | -0.3942 
575697149 | 38.8221 | -0.3970 
575697150 | 38.8234 | -0.3981 
575697151 | 38.8244 | -0.3988 
575697152 | 38.8251 | -0.3990 
575697153 | 38.8261 | -0.3991 
575697155 | 38.8267 | -0.3993 
575697156 | 38.8274 | -0.3999 
575697159 | 38.8288 | -0.4013 
575697160 | 38.8318 | -0.4036 
575697161 | 38.8325 | -0.4039 
575697163 | 38.8331 | -0.4041 
576464709 | 38.8330 | -0.4051 
576464708 | 38.8323 | -0.4079 
576464707 | 38.8314 | -0.4120 
576464706 | 38.8309 | -0.4146 
576464705 | 38.8281 | -0.4261 
576464704 | 38.8268 | -0.4305 
576464698 | 38.8266 | -0.4315 
576340709 | 38.8264 | -0.4322 
576340710 | 38.8247 | -0.4375 
576340711 | 38.8238 | -0.4403 
576340712 | 38.8227 | -0.4410 
576340713 | 38.8213 | -0.4418 
576340714 | 38.8202 | -0.4427 
576340715 | 38.8191 | -0.4433 
576340716 | 38.8205 | -0.4443 
576340789 | 38.8197 | -0.4475 
576340791 | 38.8173 | -0.4535 
576340790 | 38.8149 | -0.4606 
576307923 | 38.8105 | -0.4614 
576307924 | 38.8076 | -0.4619 
576308764 | 38.8057 | -0.4686 
576308765 | 38.8039 | -0.4745 
576308766 | 38.8053 | -0.4775 
576308767 | 38.8048 | -0.4781 
576308768 | 38.8046 | -0.4795 
576308769 | 38.8053 | -0.4886 
576308770 | 38.8056 | -0.4951 
576308771 | 38.8063 | -0.5029 
576308772 | 38.8065 | -0.5077 
576308773 | 38.8068 | -0.5112 
576308774 | 38.8069 | -0.5134 
576308775 | 38.8068 | -0.5158 
576308776 | 38.8076 | -0.5174 
576308777 | 38.8081 | -0.5189 
576308778 | 38.8090 | -0.5209 
576308779 | 38.8093 | -0.5221 
576308780 | 38.8096 | -0.5241 
576308781 | 38.8099 | -0.5246 
576308497 | 38.8106 | -0.5256 
576380970 | 38.8106 | -0.5278 
576380969 | 38.8105 | -0.5302 
576308801 | 38.8104 | -0.5353 
576308800 | 38.8093 | -0.5368 
576308799 | 38.8090 | -0.5375 
576308798 | 38.8082 | -0.5407 
576308797 | 38.8067 | -0.5440 
576308796 | 38.8054 | -0.5467 
576308795 | 38.8056 | -0.5474 
575909996 | 38.8057 | -0.5483 
575910017 | 38.8057 | -0.5488 
575910016 | 38.8052 | -0.5523 
575910015 | 38.8043 | -0.5589 
575909997 | 38.8041 | -0.5602 
576308816 | 38.8178 | -0.5656 
576308815 | 38.8227 | -0.5676 
576308814 | 38.8254 | -0.5688 
576308813 | 38.8267 | -0.5693 
576308812 | 38.8301 | -0.5709 
576308811 | 38.8334 | -0.5721 
576308809 | 38.8392 | -0.5739 
576308807 | 38.8459 | -0.5769 
576308805 | 38.8480 | -0.5777 
576308804 | 38.8534 | -0.5795 
576308802 | 38.8632 | -0.5834 
576308794 | 38.8679 | -0.5850 
576522001 | 38.8668 | -0.5874 
576522003 | 38.8666 | -0.5886 
576522005 | 38.8665 | -0.5897 
576522007 | 38.8663 | -0.5906 
576522008 | 38.8643 | -0.5961 
576522010 | 38.8640 | -0.5971 
576522011 | 38.8638 | -0.5980 
576522013 | 38.8636 | -0.5988 
576522017 | 38.8635 | -0.6002 
576522018 | 38.8633 | -0.6028 
576522020 | 38.8631 | -0.6057 
576522021 | 38.8630 | -0.6088 
576522023 | 38.8630 | -0.6093 
576522025 | 38.8637 | -0.6111 
576522028 | 38.8640 | -0.6122 
576522030 | 38.8634 | -0.6136 
576522032 | 38.8633 | -0.6139 
576522034 | 38.8633 | -0.6145 
576522035 | 38.8632 | -0.6149 
576522038 | 38.8629 | -0.6157 
576522040 | 38.8628 | -0.6161 
576522042 | 38.8628 | -0.6165 
576522044 | 38.8632 | -0.6178 
576522046 | 38.8633 | -0.6180 
576522047 | 38.8618 | -0.6227 
576522049 | 38.8614 | -0.6244 
576522050 | 38.8611 | -0.6249 
576522052 | 38.8608 | -0.6251 
576522053 | 38.8607 | -0.6251 
576522055 | 38.8610 | -0.6256 
576522057 | 38.8613 | -0.6261 
576522059 | 38.8613 | -0.6265 
576522060 | 38.8613 | -0.6270 
576522062 | 38.8610 | -0.6285 
576522064 | 38.8612 | -0.6311 
576522066 | 38.8610 | -0.6342 
576522068 | 38.8608 | -0.6360 
576522071 | 38.8608 | -0.6367 
576522073 | 38.8605 | -0.6379 
576522075 | 38.8602 | -0.6391 
576522076 | 38.8601 | -0.6397 
576522078 | 38.8601 | -0.6409 
576522080 | 38.8599 | -0.6414 
576522082 | 38.8597 | -0.6417 
576522084 | 38.8594 | -0.6419 
576522085 | 38.8593 | -0.6422 
576522087 | 38.8592 | -0.6425 
576522089 | 38.8592 | -0.6427 
576522091 | 38.8594 | -0.6432 
576522093 | 38.8605 | -0.6445 
576522095 | 38.8619 | -0.6451 
576522097 | 38.8626 | -0.6454 
576522099 | 38.8631 | -0.6457 
576522101 | 38.8635 | -0.6462 
576522103 | 38.8640 | -0.6470 
576522105 | 38.8647 | -0.6489 
576522107 | 38.8647 | -0.6492 
576522109 | 38.8639 | -0.6517 
576522111 | 38.8628 | -0.6548 
576522113 | 38.8623 | -0.6563 
576522114 | 38.8622 | -0.6588 
576522116 | 38.8617 | -0.6610 
576891970 | 38.8675 | -0.6580 
576891971 | 38.8687 | -0.6575 
576891972 | 38.8711 | -0.6562 
576891973 | 38.8720 | -0.6556 
576891974 | 38.8725 | -0.6552 
576891975 | 38.8730 | -0.6546 
576891977 | 38.8740 | -0.6535 
576891978 | 38.8784 | -0.6486 
576891979 | 38.8793 | -0.6476 
576891980 | 38.8788 | -0.6430 
576891983 | 38.8795 | -0.6429 
576891984 | 38.8802 | -0.6425 
576891985 | 38.8804 | -0.6422 
576891986 | 38.8805 | -0.6418 
576891987 | 38.8801 | -0.6385 
576891988 | 38.8801 | -0.6378 
576891989 | 38.8802 | -0.6372 
576891990 | 38.8805 | -0.6368 
576891991 | 38.8853 | -0.6304 
576891992 | 38.8868 | -0.6281 
576891993 | 38.8889 | -0.6251 
576891994 | 38.8901 | -0.6235 
576891995 | 38.8938 | -0.6282 
576891996 | 38.8984 | -0.6335 
576891997 | 38.9060 | -0.6425 
576891998 | 38.9107 | -0.6474 
576891999 | 38.9129 | -0.6490 
576892000 | 38.9185 | -0.6534 
576892001 | 38.9202 | -0.6549 
576892002 | 38.9242 | -0.6586 
576892003 | 38.9258 | -0.6604 
576892004 | 38.9268 | -0.6622 
576892005 | 38.9282 | -0.6641 
576892006 | 38.9289 | -0.6651 
576892007 | 38.9298 | -0.6667 
576892008 | 38.9304 | -0.6680 
576892009 | 38.9306 | -0.6683 
576892010 | 38.9321 | -0.6694 
576892011 | 38.9333 | -0.6717 
576892012 | 38.9337 | -0.6721 
576892013 | 38.9351 | -0.6791 
576892014 | 38.9368 | -0.6806 
576892015 | 38.9375 | -0.6813 
576892016 | 38.9385 | -0.6831 
576892017 | 38.9397 | -0.6846 
576892018 | 38.9405 | -0.6858 
576892019 | 38.9408 | -0.6864 
576892020 | 38.9410 | -0.6870 
576892021 | 38.9412 | -0.6881 
576892022 | 38.9413 | -0.6905 
576892023 | 38.9413 | -0.6918 
576892024 | 38.9418 | -0.6935 
576892025 | 38.9420 | -0.6942 
576892026 | 38.9425 | -0.6948 
576892027 | 38.9433 | -0.6955 
576892028 | 38.9447 | -0.6966 
576892029 | 38.9452 | -0.6970 
576892030 | 38.9457 | -0.6976 
576892031 | 38.9468 | -0.6989 
576892039 | 38.9399 | -0.7102 
576892038 | 38.9297 | -0.7211 
576892037 | 38.9251 | -0.7276 
576892036 | 38.9245 | -0.7390 
576892035 | 38.9230 | -0.7457 
576892034 | 38.9213 | -0.7529 
576892033 | 38.9210 | -0.7544 
576892032 | 38.9200 | -0.7608 
576891841 | 38.9169 | -0.7636 
577068009 | 38.9169 | -0.7644 
577068007 | 38.9168 | -0.7666 
577068006 | 38.9170 | -0.7671 
577068004 | 38.9173 | -0.7676 
577068002 | 38.9178 | -0.7679 
577068000 | 38.9186 | -0.7682 
577067998 | 38.9192 | -0.7686 
577067996 | 38.9198 | -0.7691 
577067994 | 38.9201 | -0.7695 
577067993 | 38.9201 | -0.7699 
577067991 | 38.9201 | -0.7705 
577067989 | 38.9198 | -0.7709 
577067987 | 38.9195 | -0.7713 
577067985 | 38.9190 | -0.7714 
577067984 | 38.9181 | -0.7714 
577067982 | 38.9178 | -0.7715 
577067980 | 38.9176 | -0.7718 
577067979 | 38.9175 | -0.7722 
577067977 | 38.9175 | -0.7729 
577067975 | 38.9177 | -0.7741 
577067973 | 38.9192 | -0.7822 
577067972 | 38.9192 | -0.7840 
577067970 | 38.9192 | -0.7851 
577067968 | 38.9189 | -0.7878 
577067966 | 38.9184 | -0.7914 
577067964 | 38.9178 | -0.7940 
577067963 | 38.9165 | -0.7994 
577067961 | 38.9157 | -0.8022 
577067959 | 38.9144 | -0.8065 
577067957 | 38.9134 | -0.8097 
577067955 | 38.9124 | -0.8132 
577067949 | 38.9137 | -0.8173 
577067947 | 38.9156 | -0.8246 
577067946 | 38.9162 | -0.8264 
577067944 | 38.9172 | -0.8360 
577067942 | 38.9149 | -0.8425 
577067940 | 38.9107 | -0.8525 
577067938 | 38.9105 | -0.8571 
577067936 | 38.9102 | -0.8601 
577067935 | 38.9101 | -0.8610 
577067933 | 38.9100 | -0.8618 
577067931 | 38.9097 | -0.8631 
577067929 | 38.9065 | -0.8740 
577067927 | 38.9059 | -0.8765 
577067925 | 38.9042 | -0.8826 
577067924 | 38.9027 | -0.8877 
577067922 | 38.9025 | -0.8884 
577067920 | 38.9024 | -0.8891 
577067918 | 38.9023 | -0.8919 
577067916 | 38.9020 | -0.8938 
577067915 | 38.9018 | -0.8966 
577067913 | 38.9017 | -0.8989 
577067911 | 38.9016 | -0.8993 
577067909 | 38.9004 | -0.9021 
576798764 | 38.9000 | -0.9027 
576798763 | 38.8966 | -0.9087 
576798762 | 38.8962 | -0.9101 
576798761 | 38.8930 | -0.9206 
1090861571 | 38.8918 | -0.9245 
577015409 | 38.8951 | -0.9320 
577015408 | 38.8987 | -0.9388 
577015407 | 38.8996 | -0.9409 
577015406 | 38.9083 | -0.9467 
577015405 | 38.9112 | -0.9500 
577015404 | 38.9115 | -0.9505 
577015403 | 38.9158 | -0.9519 
577015402 | 38.9162 | -0.9518 
577015401 | 38.9195 | -0.9534 
577015400 | 38.9196 | -0.9538 
577015399 | 38.9201 | -0.9565 
577015398 | 38.9220 | -0.9560 
577015397 | 38.9228 | -0.9559 
577015396 | 38.9233 | -0.9560 
577015395 | 38.9237 | -0.9561 
577015394 | 38.9253 | -0.9569 
577015393 | 38.9262 | -0.9573 
577015392 | 38.9270 | -0.9580 
577015391 | 38.9280 | -0.9586 
577015390 | 38.9282 | -0.9586 
577015389 | 38.9321 | -0.9576 
577015388 | 38.9331 | -0.9575 
577015387 | 38.9385 | -0.9585 
577015386 | 38.9446 | -0.9594 
577015385 | 38.9438 | -0.9646 
577015384 | 38.9429 | -0.9706 
577015383 | 38.9428 | -0.9716 
577015382 | 38.9427 | -0.9756 
577015381 | 38.9428 | -0.9773 
577015380 | 38.9438 | -0.9793 
577015379 | 38.9456 | -0.9836 
577015378 | 38.9473 | -0.9872 
577015377 | 38.9477 | -0.9878 
577015376 | 38.9473 | -0.9918 
577015375 | 38.9494 | -0.9988 
577015374 | 38.9495 | -0.9993 
577015373 | 38.9491 | -1.0009 
577015372 | 38.9482 | -1.0036 
577015371 | 38.9476 | -1.0048 
577015370 | 38.9461 | -1.0071 
577015369 | 38.9457 | -1.0074 
577015368 | 38.9430 | -1.0092 
577015367 | 38.9404 | -1.0119 
577015366 | 38.9394 | -1.0130 
577015365 | 38.9392 | -1.0134 
577015364 | 38.9382 | -1.0159 
577015363 | 38.9362 | -1.0244 
577015362 | 38.9357 | -1.0264 
577015361 | 38.9355 | -1.0283 
577015360 | 38.9344 | -1.0346 
577015359 | 38.9343 | -1.0363 
577015358 | 38.9346 | -1.0370 
577015357 | 38.9357 | -1.0393 
577015356 | 38.9368 | -1.0426 
577015355 | 38.9345 | -1.0542 
577015354 | 38.9347 | -1.0600 
577015353 | 38.9341 | -1.0674 
577015352 | 38.9340 | -1.0699 
577015351 | 38.9328 | -1.0758 
577015350 | 38.9319 | -1.0842 
577015349 | 38.9317 | -1.0867 
577015348 | 38.9317 | -1.0881 
577015347 | 38.9314 | -1.0911 
577015346 | 38.9312 | -1.0922 
577015345 | 38.9303 | -1.0957 
577015344 | 38.9298 | -1.0981 
577015343 | 38.9286 | -1.1051 
577015342 | 38.9285 | -1.1059 
577015341 | 38.9289 | -1.1126 
577015340 | 38.9289 | -1.1148 
577015339 | 38.9294 | -1.1232 
577015338 | 38.9294 | -1.1270 
577015337 | 38.9295 | -1.1291 
577015336 | 38.9294 | -1.1299 
577015335 | 38.9289 | -1.1321 
577015334 | 38.9283 | -1.1354 
577015333 | 38.9276 | -1.1383 
576378380 | 38.9294 | -1.1467 
576378507 | 38.9310 | -1.1474 
576378506 | 38.9331 | -1.1486 
576378504 | 38.9392 | -1.1527 
576378502 | 38.9397 | -1.1545 
576378500 | 38.9438 | -1.1559 
576378498 | 38.9449 | -1.1562 
576378496 | 38.9455 | -1.1565 
576378495 | 38.9471 | -1.1570 
576378493 | 38.9489 | -1.1581 
576378491 | 38.9548 | -1.1609 
576378489 | 38.9569 | -1.1629 
576378488 | 38.9594 | -1.1656 
576378486 | 38.9677 | -1.1748 
576378484 | 38.9752 | -1.1820 
576378483 | 38.9804 | -1.1869 
576378482 | 38.9812 | -1.1875 
576378481 | 38.9825 | -1.1883 
576378480 | 38.9852 | -1.1908 
576378479 | 38.9882 | -1.1933 
576378478 | 38.9887 | -1.1939 
576378477 | 38.9891 | -1.1948 
576378476 | 38.9899 | -1.1966 
576378475 | 38.9930 | -1.2018 
576378473 | 38.9936 | -1.2022 
576378472 | 38.9985 | -1.2046 
576378471 | 38.9993 | -1.2050 
576378470 | 39.0001 | -1.2057 
576378469 | 39.0051 | -1.2086 
576378468 | 39.0103 | -1.2129 
576378467 | 39.0118 | -1.2143 
576378466 | 39.0247 | -1.2265 
576378465 | 39.0247 | -1.2277 
576378464 | 39.0272 | -1.2321 
576378463 | 39.0306 | -1.2395 
576378462 | 39.0341 | -1.2456 
576378461 | 39.0385 | -1.2517 
576378460 | 39.0395 | -1.2520 
576378459 | 39.0413 | -1.2593 
576378458 | 39.0451 | -1.2639 
576378457 | 39.0510 | -1.2668 
576378456 | 39.0516 | -1.2682 
576378455 | 39.0525 | -1.2705 
576378454 | 39.0535 | -1.2747 
576378453 | 39.0542 | -1.2793 
576378452 | 39.0546 | -1.2815 
576378451 | 39.0550 | -1.2835 
576378450 | 39.0547 | -1.2893 
576378449 | 39.0505 | -1.2977 
576378448 | 39.0506 | -1.3112 
576378447 | 39.0502 | -1.3219 
576378446 | 39.0481 | -1.3337 
576378445 | 39.0464 | -1.3406 
576378444 | 39.0452 | -1.3474 
576378443 | 39.0452 | -1.3489 
576378442 | 39.0433 | -1.3604 
576378441 | 39.0432 | -1.3646 
576378440 | 39.0420 | -1.3677 
576378439 | 39.0408 | -1.3724 
576378438 | 39.0401 | -1.3726 
576378437 | 39.0398 | -1.3740 
576378436 | 39.0325 | -1.3884 
576378381 | 39.0327 | -1.3901 
576798704 | 39.0330 | -1.3913 
576798703 | 39.0327 | -1.3963 
576798702 | 39.0332 | -1.3973 
576798701 | 39.0338 | -1.3989 
576798700 | 39.0312 | -1.4079 
576798698 | 39.0307 | -1.4143 
576798740 | 39.0259 | -1.4293 
576798739 | 39.0256 | -1.4394 
576798738 | 39.0252 | -1.4476 
576798737 | 39.0245 | -1.4570 
576798736 | 39.0239 | -1.4627 
576798735 | 39.0235 | -1.4654 
576798734 | 39.0248 | -1.4762 
576798733 | 39.0249 | -1.4778 
576798732 | 39.0255 | -1.4897 
576798731 | 39.0255 | -1.5061 
576798730 | 39.0259 | -1.5088 
576798729 | 39.0263 | -1.5121 
576798728 | 39.0267 | -1.5171 
576798727 | 39.0270 | -1.5209 
576798726 | 39.0281 | -1.5264 
576798725 | 39.0329 | -1.5448 
576798724 | 39.0367 | -1.5540 
576798723 | 39.0405 | -1.5599 
576798722 | 39.0446 | -1.5734 
576998857 | 39.0450 | -1.5758 
576998856 | 39.0455 | -1.5768 
576998855 | 39.0465 | -1.5799 
576998854 | 39.0470 | -1.5804 
576998853 | 39.0477 | -1.5832 
576998852 | 39.0479 | -1.5835 
576998851 | 39.0487 | -1.5862 
576998850 | 39.0487 | -1.5876 
576998849 | 39.0491 | -1.5910 
576998848 | 39.0499 | -1.5937 
576998847 | 39.0503 | -1.5960 
576998846 | 39.0506 | -1.5967 
576998845 | 39.0511 | -1.5978 
576998844 | 39.0513 | -1.5992 
576998843 | 39.0520 | -1.6007 
576998842 | 39.0538 | -1.6048 
576998841 | 39.0539 | -1.6057 
576998840 | 39.0547 | -1.6068 
576998839 | 39.0562 | -1.6100 
576998838 | 39.0564 | -1.6109 
576998837 | 39.0570 | -1.6121 
576998836 | 39.0571 | -1.6160 
576300610 | 39.0590 | -1.6201 
576300609 | 39.0595 | -1.6222 
576300607 | 39.0596 | -1.6229 
576300606 | 39.0604 | -1.6246 
576300605 | 39.0612 | -1.6258 
576300603 | 39.0614 | -1.6267 
576300602 | 39.0650 | -1.6348 
576300600 | 39.0685 | -1.6440 
576300599 | 39.0692 | -1.6483 
576300598 | 39.0722 | -1.6573 
576300597 | 39.0728 | -1.6581 
576300595 | 39.0735 | -1.6595 
576300594 | 39.0747 | -1.6613 
576300593 | 39.0760 | -1.6641 
576300591 | 39.0769 | -1.6652 
576300590 | 39.0772 | -1.6657 
576300588 | 39.0798 | -1.6689 
576300690 | 39.0815 | -1.6767 
576300692 | 39.0830 | -1.6797 
576300693 | 39.0834 | -1.6801 
576300694 | 39.0915 | -1.6866 
576300696 | 39.0916 | -1.6875 
576300697 | 39.0928 | -1.6934 
576300699 | 39.1014 | -1.7012 
576300700 | 39.1071 | -1.7127 
576300701 | 39.1227 | -1.7196 
576300703 | 39.1257 | -1.7218 
576300704 | 39.1282 | -1.7249 
576300705 | 39.1343 | -1.7336 
576300707 | 39.1371 | -1.7386 
576300708 | 39.1375 | -1.7394 
575765763 | 39.1387 | -1.7443 
575765772 | 39.1383 | -1.7443 
575765774 | 39.1380 | -1.7445 
575765775 | 39.1377 | -1.7449 
575765777 | 39.1371 | -1.7465 
575765779 | 39.1369 | -1.7476 
575765780 | 39.1370 | -1.7480 
575765782 | 39.1374 | -1.7489 
575765784 | 39.1379 | -1.7497 
575765785 | 39.1389 | -1.7510 
575765786 | 39.1397 | -1.7517 
575765787 | 39.1406 | -1.7529 
575765788 | 39.1412 | -1.7542 
575765789 | 39.1415 | -1.7547 
575765790 | 39.1417 | -1.7561 
575765463 | 39.1419 | -1.7567 
575765471 | 39.1425 | -1.7561 
575765472 | 39.1477 | -1.7557 
575765474 | 39.1515 | -1.7536 
575765475 | 39.1524 | -1.7540 
575765476 | 39.1542 | -1.7531 
575765477 | 39.1547 | -1.7503 
575765478 | 39.1559 | -1.7477 
575765479 | 39.1586 | -1.7466 
575765481 | 39.1613 | -1.7451 
575765482 | 39.1665 | -1.7411 
575765484 | 39.1668 | -1.7414 
575765485 | 39.1823 | -1.7577 
575765487 | 39.1836 | -1.7592 
575765488 | 39.1859 | -1.7615 
575765490 | 39.1868 | -1.7622 
575765491 | 39.1876 | -1.7629 
575765492 | 39.1886 | -1.7635 
575765493 | 39.1908 | -1.7651 
575765494 | 39.1912 | -1.7654 
575765495 | 39.1931 | -1.7667 
575765497 | 39.1954 | -1.7684 
575765499 | 39.1981 | -1.7707 
575765500 | 39.2010 | -1.7728 
575765502 | 39.2043 | -1.7753 
575765504 | 39.2059 | -1.7765 
575765505 | 39.2103 | -1.7801 
575765506 | 39.2120 | -1.7815 
575765508 | 39.2136 | -1.7812 
575765509 | 39.2154 | -1.7809 
575765511 | 39.2225 | -1.7791 
575765513 | 39.2304 | -1.7775 
575765514 | 39.2321 | -1.7773 
575765516 | 39.2352 | -1.7769 
575765517 | 39.2397 | -1.7762 
575765519 | 39.2437 | -1.7756 
575765520 | 39.2503 | -1.7746 
575765522 | 39.2530 | -1.7740 
575765524 | 39.2567 | -1.7734 
575765526 | 39.2599 | -1.7731 
575765527 | 39.2674 | -1.7725 
575765528 | 39.2683 | -1.7724 
575765529 | 39.2699 | -1.7723 
575765531 | 39.2721 | -1.7724 
575765532 | 39.2734 | -1.7722 
575973908 | 39.2748 | -1.7717 
575973907 | 39.2769 | -1.7711 
575973906 | 39.2783 | -1.7706 
575973905 | 39.2799 | -1.7700 
575973867 | 39.2805 | -1.7699 
575973866 | 39.2835 | -1.7691 
575973865 | 39.2877 | -1.7683 
575973864 | 39.2898 | -1.7678 
575973863 | 39.2935 | -1.7667 
575973862 | 39.2948 | -1.7660 
575973861 | 39.3009 | -1.7635 
575973860 | 39.3015 | -1.7631 
575973859 | 39.3020 | -1.7627 
575973858 | 39.3053 | -1.7589 
575973857 | 39.3086 | -1.7552 
575973856 | 39.3095 | -1.7539 
575973855 | 39.3153 | -1.7464 
575973854 | 39.3190 | -1.7418 
575973853 | 39.3212 | -1.7393 
576532235 | 39.3218 | -1.7398 
576532236 | 39.3230 | -1.7395 
576532237 | 39.3241 | -1.7393 
576532238 | 39.3253 | -1.7391 
576532239 | 39.3278 | -1.7393 
576532240 | 39.3306 | -1.7400 
576532241 | 39.3327 | -1.7410 
576532242 | 39.3335 | -1.7417 
576532243 | 39.3434 | -1.7454 
576532244 | 39.3436 | -1.7463 
576532245 | 39.3439 | -1.7470 
576532246 | 39.3453 | -1.7491 
576532247 | 39.3483 | -1.7538 
576532248 | 39.3520 | -1.7608 
576532249 | 39.3525 | -1.7619 
576532250 | 39.3531 | -1.7627 
576532251 | 39.3549 | -1.7648 
576532252 | 39.3560 | -1.7667 
576532187 | 39.3572 | -1.7694 
576532188 | 39.3585 | -1.7722 
576532189 | 39.3666 | -1.7873 
576532190 | 39.3706 | -1.7952 
576532191 | 39.4067 | -1.8189 
576532192 | 39.4168 | -1.8246 
575686661 | 39.4320 | -1.8350 
575686517 | 39.4323 | -1.8351 
575686518 | 39.4346 | -1.8502 
575686519 | 39.4357 | -1.8542 
575686520 | 39.4364 | -1.8586 
575686521 | 39.4586 | -1.8942 
575686523 | 39.4680 | -1.9253 
575686524 | 39.4797 | -1.9438 
575686525 | 39.4915 | -1.9496 
575686526 | 39.4917 | -1.9499 
575686527 | 39.4831 | -1.9795 
575686528 | 39.4799 | -1.9981 
575686529 | 39.4794 | -1.9991 
575686530 | 39.4779 | -2.0014 
575686531 | 39.4763 | -2.0063 
575686532 | 39.4750 | -2.0085 
575686533 | 39.4692 | -2.0171 
575686534 | 39.4659 | -2.0155 
575686535 | 39.4612 | -2.0140 
575686536 | 39.4445 | -2.0109 
575686537 | 39.4422 | -2.0108 
575686538 | 39.4362 | -2.0115 
575686539 | 39.4299 | -2.0120 
575686540 | 39.4263 | -2.0126 
575686541 | 39.4210 | -2.0141 
575686542 | 39.4218 | -2.0209 
575686543 | 39.4227 | -2.0294 
575686544 | 39.4233 | -2.0311 
575686545 | 39.4220 | -2.0341 
575686546 | 39.4238 | -2.0383 
575686547 | 39.4215 | -2.0418 
575686548 | 39.4218 | -2.0459 
575686549 | 39.4217 | -2.0503 
575686550 | 39.4215 | -2.0519 
575686551 | 39.4222 | -2.0562 
575686552 | 39.4236 | -2.0630 
575686553 | 39.4244 | -2.0742 
575686554 | 39.4263 | -2.0737 
575686555 | 39.4287 | -2.0731 
575686556 | 39.4329 | -2.0728 
575686557 | 39.4338 | -2.0722 
575686558 | 39.4352 | -2.0719 
575686559 | 39.4360 | -2.0715 
575686560 | 39.4387 | -2.0710 
575686561 | 39.4398 | -2.0720 
575686562 | 39.4464 | -2.0711 
575686563 | 39.4500 | -2.0714 
575686564 | 39.4495 | -2.0845 
575686597 | 39.4482 | -2.0848 
575686599 | 39.4474 | -2.0854 
575686601 | 39.4468 | -2.0862 
575686604 | 39.4456 | -2.0861 
575686606 | 39.4447 | -2.0864 
704861734 | 39.4446 | -2.0865 
698531723 | 39.4448 | -2.0875 
704861750 | 39.4444 | -2.0904 
517570299 | 39.4430 | -2.1002 
517570303 | 39.4432 | -2.1022 
517570310 | 39.4432 | -2.1037 
698531724 | 39.4428 | -2.1049 
698531725 | 39.4421 | -2.1066 
698531726 | 39.4418 | -2.1076 
517570456 | 39.4414 | -2.1101 
517570453 | 39.4413 | -2.1145 
517570450 | 39.4410 | -2.1163 
705061219 | 39.4312 | -2.1428 
705061230 | 39.4311 | -2.1430 
517570446 | 39.4119 | -2.1954 
705060988 | 39.4117 | -2.1971 
705061210 | 39.4063 | -2.1989 
705061578 | 39.4057 | -2.1991 
705061565 | 39.4050 | -2.1993 
517600237 | 39.4029 | -2.1993 
517600229 | 39.3980 | -2.1992 
517600217 | 39.3901 | -2.1991 
517600209 | 39.3857 | -2.1964 
517600202 | 39.3761 | -2.1907 
705083271 | 39.3681 | -2.1877 
705083345 | 39.3653 | -2.1866 
705061466 | 39.3501 | -2.1809 
705083269 | 39.3403 | -2.1756 
517600194 | 39.3298 | -2.1699 
517600182 | 39.3114 | -2.1557 
517600164 | 39.3110 | -2.1556 
517600124 | 39.2880 | -2.1565 
705083293 | 39.2848 | -2.1560 
705083334 | 39.2808 | -2.1547 
517600115 | 39.2792 | -2.1545 
517600101 | 39.2637 | -2.1554 
517600097 | 39.2332 | -2.1576 
706097554 | 39.2306 | -2.1578 
706097477 | 39.2278 | -2.1580 
706097584 | 39.2254 | -2.1582 
706097318 | 39.2235 | -2.1583 
706097435 | 39.2223 | -2.1582 
706097384 | 39.2207 | -2.1580 
706097505 | 39.2195 | -2.1579 
706097439 | 39.2189 | -2.1577 
706097621 | 39.2180 | -2.1576 
706097356 | 39.2170 | -2.1575 
346365234 | 39.2163 | -2.1574 
346365238 | 39.2159 | -2.1573 
706097282 | 39.2151 | -2.1572 
706097459 | 39.2146 | -2.1572 
346365240 | 39.2146 | -2.1572 
346365243 | 39.2136 | -2.1570 
346365245 | 39.2134 | -2.1570 
346365251 | 39.2132 | -2.1570 
569093408 | 39.2124 | -2.1602 
569093410 | 39.2093 | -2.1676 
569093403 | 39.2135 | -2.1828 
570798458 | 39.2122 | -2.1788 
570798466 | 39.2099 | -2.1799 
570798470 | 39.2083 | -2.1783 
570798472 | 39.2060 | -2.1773 
570798475 | 39.2050 | -2.1721 
570798479 | 39.2024 | -2.1759 
492077738 | 39.2018 | -2.1920 
492077737 | 39.2030 | -2.1984 
492077734 | 39.2215 | -2.2463 
492077729 | 39.2244 | -2.2568 
492077728 | 39.2650 | -2.4889 
492077727 | 39.2654 | -2.4933 
492077726 | 39.2654 | -2.4987 
492077724 | 39.2615 | -2.5832 
326328841 | 39.2613 | -2.5859 
492077720 | 39.2608 | -2.5936 
492077718 | 39.2604 | -2.6039 
573980858 | 39.2606 | -2.6076 
492077717 | 39.2611 | -2.6110 
573980856 | 39.2635 | -2.6173 
492077716 | 39.2777 | -2.6484 
492077715 | 39.2805 | -2.6587 
492077713 | 39.2817 | -2.6680 
492077711 | 39.2819 | -2.6749 
490591883 | 39.2814 | -2.6821 
490591879 | 39.2798 | -2.6957 
573980854 | 39.2816 | -2.7546 
490591875 | 39.2815 | -2.7619 
490591867 | 39.2744 | -2.7933 
573980852 | 39.2739 | -2.7992 
490591863 | 39.2738 | -2.8050 
490591860 | 39.2745 | -2.8110 
490591857 | 39.2808 | -2.8316 
490591854 | 39.2825 | -2.8358 
490591340 | 39.2849 | -2.8399 
490591339 | 39.3062 | -2.8711 
490591338 | 39.3176 | -2.8905 
573980400 | 39.3203 | -2.8975 
573980397 | 39.3227 | -2.9064 
490591337 | 39.3479 | -3.0026 
490604408 | 39.3556 | -3.0304 
490604407 | 39.3743 | -3.0725 
960865515 | 39.3937 | -3.1165 
490604406 | 39.3951 | -3.1199 
993735272 | 39.3960 | -3.1225 
490604405 | 39.3966 | -3.1255 
993735969 | 39.3968 | -3.1296 
490604404 | 39.3967 | -3.1331 
490604403 | 39.3958 | -3.1511 
308479307 | 39.3938 | -3.1909 
573984977 | 39.3938 | -3.1972 
573984979 | 39.3950 | -3.2023 
315031114 | 39.3941 | -3.1997 
315031113 | 39.3927 | -3.1976 
315031112 | 39.3907 | -3.1962 
993736430 | 39.3884 | -3.1962 
315031111 | 39.3857 | -3.1962 
315031110 | 39.3372 | -3.2015 
315031109 | 39.2671 | -3.2091 
315031108 | 39.2536 | -3.2125 
960803815 | 39.1873 | -3.2283 
960803818 | 39.1690 | -3.2324 
960805876 | 39.1684 | -3.2326 
315031107 | 39.0960 | -3.2481 
315031106 | 39.0911 | -3.2493 
315031105 | 39.0879 | -3.2505 
315031104 | 39.0695 | -3.2605 
315031103 | 39.0669 | -3.2621 
315031102 | 39.0645 | -3.2648 
315031101 | 39.0621 | -3.2698 
315031100 | 39.0556 | -3.2841 
315031099 | 39.0395 | -3.3125 
315031098 | 39.0056 | -3.3711 
898000824 | 39.0042 | -3.3736 
898000393 | 39.0033 | -3.3750 
315031097 | 39.0029 | -3.3758 
898000385 | 39.0024 | -3.3766 
898000743 | 39.0023 | -3.3768 
315031096 | 39.0020 | -3.3773 
315031095 | 39.0008 | -3.3788 
315031094 | 38.9993 | -3.3800 
315031093 | 38.9902 | -3.3849 
315031092 | 38.9883 | -3.3855 
315031091 | 38.9870 | -3.3857 
315031090 | 38.9529 | -3.3889 
315031089 | 38.9176 | -3.3917 
1005568917 | 38.8873 | -3.3942 
315031088 | 38.8841 | -3.3945 
1005571470 | 38.8820 | -3.3947 
1005566217 | 38.8788 | -3.3950 
315031087 | 38.7939 | -3.4053 
315031086 | 38.7929 | -3.4055 
315031085 | 38.7915 | -3.4055 
315031084 | 38.7901 | -3.4053 
315031077 | 38.7877 | -3.4047 
897892113 | 38.7811 | -3.4021 
897892513 | 38.7744 | -3.3999 
897892687 | 38.7676 | -3.3975 
315031078 | 38.7609 | -3.3953 
315031079 | 38.7590 | -3.3947 
897910310 | 38.7582 | -3.3945 
315031080 | 38.7574 | -3.3944 
897910150 | 38.7565 | -3.3943 
315031081 | 38.7555 | -3.3944 
897910368 | 38.7544 | -3.3947 
315031082 | 38.7534 | -3.3951 
897910178 | 38.7494 | -3.3971 
897910423 | 38.7452 | -3.3990 
315031083 | 38.7369 | -3.4028 
489784522 | 38.6985 | -3.4193 
489784533 | 38.6752 | -3.4322 
489784540 | 38.6461 | -3.4506 
489784548 | 38.6392 | -3.4540 
489784553 | 38.6364 | -3.4545 
489784558 | 38.6327 | -3.4543 
489784572 | 38.6210 | -3.4529 
772391149 | 38.6185 | -3.4527 
772391103 | 38.6162 | -3.4533 
772391169 | 38.6142 | -3.4548 
772391186 | 38.6127 | -3.4572 
772391039 | 38.6117 | -3.4611 
772391055 | 38.6105 | -3.4644 
772391121 | 38.6088 | -3.4665 
772391138 | 38.6081 | -3.4672 
772391202 | 38.6054 | -3.4683 
772391199 | 38.6001 | -3.4708 
772391051 | 38.5976 | -3.4720 
772391068 | 38.5955 | -3.4738 
772391135 | 38.5940 | -3.4760 
772391152 | 38.5885 | -3.4868 
772391214 | 38.5852 | -3.4931 
772391021 | 38.5841 | -3.4944 
772391086 | 38.5823 | -3.4954 
772391125 | 38.5807 | -3.4954 
772391190 | 38.5779 | -3.4948 
772391206 | 38.5693 | -3.4926 
772391059 | 38.5617 | -3.4907 
772391075 | 38.5599 | -3.4903 
772391142 | 38.5585 | -3.4904 
772391159 | 38.5510 | -3.4924 
772391009 | 38.5465 | -3.4936 
772391217 | 38.5436 | -3.4947 
772391071 | 38.5418 | -3.4962 
772391089 | 38.5392 | -3.4991 
772391155 | 38.5373 | -3.5006 
772391172 | 38.5349 | -3.5008 
772391025 | 38.5332 | -3.5001 
772391042 | 38.5297 | -3.4971 
772391107 | 38.5260 | -3.4939 
772391106 | 38.5242 | -3.4929 
772391171 | 38.5224 | -3.4930 
772391189 | 38.5215 | -3.4933 
772391041 | 38.5201 | -3.4945 
772391058 | 38.5187 | -3.4970 
772391124 | 38.5174 | -3.4991 
772391141 | 38.5152 | -3.5012 
772391205 | 38.5110 | -3.5050 
772391201 | 38.5073 | -3.5083 
772391054 | 38.5051 | -3.5103 
772391070 | 38.5034 | -3.5110 
772391137 | 38.5018 | -3.5110 
772391154 | 38.5003 | -3.5103 
772391216 | 38.4990 | -3.5091 
772391024 | 38.4961 | -3.5056 
772391088 | 38.4950 | -3.5045 
772391129 | 38.4935 | -3.5038 
772391192 | 38.4901 | -3.5030 
772391209 | 38.4871 | -3.5023 
772391063 | 38.4846 | -3.5018 
772391079 | 38.4828 | -3.5006 
772391145 | 38.4813 | -3.4991 
772391163 | 38.4789 | -3.4968 
772391015 | 38.4770 | -3.4947 
772391008 | 38.4753 | -3.4935 
772391074 | 38.4739 | -3.4932 
772391094 | 38.4722 | -3.4933 
772391158 | 38.4707 | -3.4932 
772391175 | 38.4693 | -3.4926 
772391027 | 38.4682 | -3.4914 
772391045 | 38.4671 | -3.4898 
772391110 | 38.4657 | -3.4885 
772391064 | 38.4639 | -3.4875 
772391131 | 38.4620 | -3.4869 
772391146 | 38.4594 | -3.4863 
772391210 | 38.4577 | -3.4861 
772391016 | 38.4562 | -3.4864 
772391080 | 38.4539 | -3.4876 
772391098 | 38.4521 | -3.4882 
772391164 | 38.4505 | -3.4879 
772391161 | 38.4488 | -3.4878 
772391012 | 38.4474 | -3.4881 
772391030 | 38.4445 | -3.4891 
772391096 | 38.4432 | -3.4900 
772391112 | 38.4422 | -3.4912 
772391177 | 38.4409 | -3.4940 
772391194 | 38.4397 | -3.4954 
772391047 | 38.4385 | -3.4962 
772391085 | 38.4373 | -3.4965 
772391151 | 38.4360 | -3.4964 
772391168 | 38.4341 | -3.4959 
772391020 | 38.4310 | -3.4953 
772391038 | 38.4287 | -3.4949 
772391102 | 38.4276 | -3.4950 
772391120 | 38.4263 | -3.4956 
772391185 | 38.4246 | -3.4968 
772391181 | 38.4227 | -3.4980 
772391033 | 38.4209 | -3.4984 
772391050 | 38.4192 | -3.4982 
772391116 | 38.4168 | -3.4968 
772391104 | 38.4142 | -3.4956 
772391122 | 38.4134 | -3.4956 
772391187 | 38.4125 | -3.4959 
772391203 | 38.4114 | -3.4965 
772391056 | 38.4101 | -3.4980 
772391072 | 38.4091 | -3.4988 
772391139 | 38.4080 | -3.4995 
772391176 | 38.4062 | -3.5000 
772391029 | 38.4045 | -3.4999 
772391046 | 38.4036 | -3.4999 
772391111 | 38.4026 | -3.4998 
772391130 | 38.4014 | -3.5000 
772391193 | 38.4007 | -3.5007 
772391093 | 38.3998 | -3.5015 
772391109 | 38.3977 | -3.5039 
772391174 | 38.3965 | -3.5051 
772391191 | 38.3949 | -3.5059 
772391044 | 38.3935 | -3.5061 
772391061 | 38.3924 | -3.5060 
772391127 | 38.3903 | -3.5056 
772391035 | 38.3888 | -3.5058 
772391100 | 38.3870 | -3.5066 
772391118 | 38.3848 | -3.5072 
772391183 | 38.3821 | -3.5077 
772391200 | 38.3795 | -3.5086 
772391052 | 38.3778 | -3.5086 
772391069 | 38.3759 | -3.5073 
1183688117 | 38.3753 | -3.5064 
1183685849 | 38.3749 | -3.5055 
1183687508 | 38.3746 | -3.5048 
772391136 | 38.3745 | -3.5041 
772391134 | 38.3740 | -3.5015 
772391197 | 38.3731 | -3.4995 
772391213 | 38.3715 | -3.4971 
772391067 | 38.3688 | -3.4945 
772391083 | 38.3646 | -3.4926 
772391150 | 38.3624 | -3.4923 
772391166 | 38.3605 | -3.4929 
772391018 | 38.3593 | -3.4946 
772391057 | 38.3584 | -3.4962 
772391123 | 38.3572 | -3.4970 
772391140 | 38.3557 | -3.4973 
772391204 | 38.3536 | -3.4969 
772391005 | 38.3512 | -3.4964 
772391073 | 38.3498 | -3.4963 
772391092 | 38.3487 | -3.4955 
772391157 | 38.3471 | -3.4939 
772391153 | 38.3454 | -3.4930 
772391215 | 38.3438 | -3.4930 
772391023 | 38.3423 | -3.4928 
772391105 | 38.3409 | -3.4924 
772391170 | 38.3390 | -3.4925 
772391188 | 38.3379 | -3.4930 
772391040 | 38.3368 | -3.4939 
772391207 | 38.3355 | -3.4957 
772391060 | 38.3350 | -3.4974 
772391076 | 38.3344 | -3.4988 
772391143 | 38.3336 | -3.4999 
772391160 | 38.3327 | -3.5006 
772391010 | 38.3304 | -3.5014 
772391028 | 38.3279 | -3.5020 
772391095 | 38.3258 | -3.5013 
772391090 | 38.3241 | -3.4993 
772391156 | 38.3234 | -3.4972 
772391173 | 38.3232 | -3.4951 
772391026 | 38.3231 | -3.4932 
772391043 | 38.3235 | -3.4910 
772391108 | 38.3234 | -3.4896 
772391006 | 38.3229 | -3.4881 
772391048 | 38.3227 | -3.4866 
772391113 | 38.3222 | -3.4845 
772391132 | 38.3219 | -3.4836 
772391195 | 38.3208 | -3.4824 
772391211 | 38.3199 | -3.4817 
772391065 | 38.3183 | -3.4811 
772391081 | 38.3167 | -3.4810 
772391147 | 38.3152 | -3.4807 
772391144 | 38.3137 | -3.4798 
772391208 | 38.3123 | -3.4785 
772391014 | 38.3108 | -3.4776 
772391077 | 38.3093 | -3.4775 
772391097 | 38.3083 | -3.4778 
524172854 | 38.3055 | -3.4796 
772391178 | 38.3039 | -3.4804 
524172853 | 38.3021 | -3.4806 
524172852 | 38.2994 | -3.4798 
524172850 | 38.2971 | -3.4788 
524172845 | 38.2955 | -3.4788 
524172839 | 38.2928 | -3.4793 
524172835 | 38.2904 | -3.4794 
524172831 | 38.2865 | -3.4790 
772391162 | 38.2850 | -3.4790 
524172826 | 38.2836 | -3.4794 
524172823 | 38.2816 | -3.4805 
524172819 | 38.2798 | -3.4849 
524172815 | 38.2793 | -3.4930 
524172812 | 38.2786 | -3.4947 
524172809 | 38.2770 | -3.4963 
524172806 | 38.2741 | -3.4971 
524172804 | 38.2721 | -3.4956 
524172801 | 38.2693 | -3.4923 
524172789 | 38.2673 | -3.4920 
524172786 | 38.2643 | -3.4925 
524172782 | 38.2554 | -3.5016 
524172778 | 38.2529 | -3.5031 
524172775 | 38.2488 | -3.5026 
524172770 | 38.2434 | -3.5059 
524172768 | 38.2392 | -3.5083 
524172763 | 38.2371 | -3.5129 
524172760 | 38.2349 | -3.5162 
524172755 | 38.2338 | -3.5170 
524172754 | 38.2316 | -3.5170 
524172753 | 38.2275 | -3.5165 
524172752 | 38.2216 | -3.5153 
524172751 | 38.2189 | -3.5159 
524172749 | 38.2167 | -3.5171 
524172748 | 38.2124 | -3.5198 
524172744 | 38.2088 | -3.5215 
524172742 | 38.2018 | -3.5238 
524172741 | 38.1966 | -3.5266 
524172740 | 38.1943 | -3.5290 
524172739 | 38.1918 | -3.5316 
524172967 | 38.1899 | -3.5332 
524172738 | 38.1893 | -3.5337 
524172964 | 38.1878 | -3.5347 
524172962 | 38.1852 | -3.5373 
524172959 | 38.1819 | -3.5392 
524172957 | 38.1800 | -3.5435 
524172943 | 38.1792 | -3.5459 
524172941 | 38.1769 | -3.5493 
524172935 | 38.1740 | -3.5507 
524172930 | 38.1715 | -3.5512 
524172927 | 38.1641 | -3.5553 
524172926 | 38.1599 | -3.5591 
524173513 | 38.1582 | -3.5598 
524173501 | 38.1561 | -3.5598 
524173499 | 38.1532 | -3.5591 
524173498 | 38.1497 | -3.5601 
524173497 | 38.1457 | -3.5615 
524173496 | 38.1432 | -3.5632 
524173494 | 38.1390 | -3.5639 
522853706 | 38.1371 | -3.5625 
522853703 | 38.1369 | -3.5615 
522853701 | 38.1361 | -3.5598 
522853699 | 38.1350 | -3.5562 
522853696 | 38.1337 | -3.5524 
522853694 | 38.1322 | -3.5510 
522853691 | 38.1300 | -3.5512 
522853690 | 38.1260 | -3.5527 
522853688 | 38.1165 | -3.5587 
522853501 | 38.1083 | -3.5651 
522853496 | 38.1029 | -3.5678 
522853492 | 38.0993 | -3.5690 
522853487 | 38.0947 | -3.5707 
522853484 | 38.0926 | -3.5728 
522853483 | 38.0888 | -3.5762 
522853481 | 38.0851 | -3.5810 
522853479 | 38.0799 | -3.5833 
522853472 | 38.0743 | -3.5860 
522853471 | 38.0640 | -3.5908 
522853470 | 38.0476 | -3.5980 
522853467 | 38.0452 | -3.5992 
522853465 | 38.0434 | -3.6035 
522853459 | 38.0420 | -3.6070 
524201206 | 38.0412 | -3.6096 
524201211 | 38.0398 | -3.6132 
524201214 | 38.0358 | -3.6169 
524201217 | 38.0323 | -3.6204 
524201218 | 38.0295 | -3.6233 
524201219 | 38.0274 | -3.6271 
524201222 | 38.0224 | -3.6310 
524201224 | 38.0201 | -3.6346 
524201228 | 38.0195 | -3.6379 
524201230 | 38.0190 | -3.6434 
524201232 | 38.0160 | -3.6631 
524201237 | 38.0144 | -3.6756 
524201239 | 38.0125 | -3.6799 
524201242 | 38.0080 | -3.6878 
524201244 | 38.0021 | -3.6961 
524201247 | 38.0010 | -3.7016 
524201248 | 38.0006 | -3.7074 
524201252 | 37.9970 | -3.7335 
524201256 | 37.9959 | -3.7445 
524201259 | 37.9933 | -3.7513 
524201261 | 37.9888 | -3.7598 
524201262 | 37.9873 | -3.7651 
524201264 | 37.9899 | -3.7905 
524201267 | 37.9913 | -3.7929 
524201269 | 37.9941 | -3.7936 
524201271 | 37.9972 | -3.7944 
524201273 | 38.0003 | -3.7968 
524201275 | 38.0022 | -3.8018 
524201278 | 38.0022 | -3.8046 
524201279 | 38.0020 | -3.8094 
524201280 | 38.0022 | -3.8106 
524201282 | 38.0057 | -3.8213 
404124628 | 38.0075 | -3.8250 
404124621 | 38.0093 | -3.8296 
404124617 | 38.0103 | -3.8319 
404124611 | 38.0103 | -3.8319 
404124605 | 38.0102 | -3.8320 
404124599 | 38.0102 | -3.8320 
404124594 | 38.0104 | -3.8325 
404124590 | 38.0122 | -3.8370 
1224134584 | 38.0126 | -3.8381 
404124586 | 38.0134 | -3.8395 
1224135953 | 38.0138 | -3.8401 
404124581 | 38.0179 | -3.8447 
404124578 | 38.0191 | -3.8463 
404124571 | 38.0199 | -3.8480 
404124567 | 38.0206 | -3.8505 
404124556 | 38.0208 | -3.8535 
404124552 | 38.0206 | -3.8557 
404124549 | 38.0184 | -3.8612 
404124544 | 38.0169 | -3.8670 
404124541 | 38.0143 | -3.8795 
404124537 | 38.0138 | -3.8811 
404124532 | 38.0129 | -3.8828 
404124529 | 38.0108 | -3.8849 
404124524 | 38.0093 | -3.8865 
404124521 | 38.0072 | -3.8918 
404124516 | 38.0027 | -3.9053 
1224136334 | 38.0023 | -3.9064 
404124511 | 38.0021 | -3.9079 
1224134767 | 38.0019 | -3.9095 
1224135761 | 38.0019 | -3.9109 
404124506 | 38.0024 | -3.9165 
404124503 | 38.0031 | -3.9204 
1224136132 | 38.0056 | -3.9294 
404124500 | 38.0057 | -3.9301 
1224135495 | 38.0060 | -3.9319 
404124496 | 38.0061 | -3.9371 
404124492 | 38.0061 | -3.9523 
404124488 | 38.0060 | -3.9649 
404124485 | 38.0062 | -3.9677 
404124481 | 38.0065 | -3.9693 
404124478 | 38.0072 | -3.9709 
404124474 | 38.0079 | -3.9719 
404124470 | 38.0096 | -3.9731 
404124466 | 38.0110 | -3.9742 
404124453 | 38.0121 | -3.9756 
404124451 | 38.0127 | -3.9767 
404124446 | 38.0133 | -3.9787 
404124442 | 38.0134 | -3.9846 
404124437 | 38.0137 | -3.9885 
404124434 | 38.0162 | -4.0034 
404124432 | 38.0186 | -4.0182 
404124428 | 38.0230 | -4.0323 
404124424 | 38.0236 | -4.0390 
404124421 | 38.0243 | -4.0509 
404124418 | 38.0247 | -4.0533 
1117178358 | 38.0256 | -4.0556 
404124413 | 38.0267 | -4.0577 
404124409 | 38.0275 | -4.0599 
404124404 | 38.0280 | -4.0622 
404124396 | 38.0281 | -4.0653 
404124390 | 38.0281 | -4.0654 
404124384 | 38.0281 | -4.0656 
404124379 | 38.0281 | -4.0656 
404124374 | 38.0281 | -4.0662 
404124370 | 38.0281 | -4.0697 
404124367 | 38.0280 | -4.0735 
404124365 | 38.0280 | -4.0785 
404124361 | 38.0279 | -4.0845 
404124346 | 38.0277 | -4.0860 
404124341 | 38.0273 | -4.0876 
404124337 | 38.0266 | -4.0889 
404124335 | 38.0120 | -4.0986 
404124332 | 38.0107 | -4.0998 
404124328 | 38.0098 | -4.1012 
404124325 | 38.0079 | -4.1066 
404124321 | 38.0076 | -4.1086 
404124317 | 38.0076 | -4.1106 
404124315 | 38.0082 | -4.1129 
404124312 | 38.0111 | -4.1175 
404124306 | 38.0184 | -4.1283 
404124303 | 38.0260 | -4.1395 
404124301 | 38.0273 | -4.1417 
404124298 | 38.0280 | -4.1438 
404124296 | 38.0283 | -4.1460 
404124293 | 38.0280 | -4.1486 
404124291 | 38.0245 | -4.1620 
1122071811 | 38.0238 | -4.1636 
404124289 | 38.0231 | -4.1651 
404124285 | 38.0138 | -4.1726 
404124283 | 38.0046 | -4.1796 
404124282 | 38.0034 | -4.1808 
404124279 | 38.0023 | -4.1826 
404124275 | 38.0015 | -4.1853 
404124270 | 38.0006 | -4.1905 
404124267 | 38.0006 | -4.1931 
404124264 | 38.0011 | -4.1954 
404124261 | 38.0056 | -4.2049 
404124258 | 38.0070 | -4.2074 
404124254 | 38.0106 | -4.2106 
404124250 | 38.0121 | -4.2120 
404124245 | 38.0131 | -4.2135 
404124239 | 38.0139 | -4.2152 
404124235 | 38.0143 | -4.2174 
404124234 | 38.0141 | -4.2197 
404124228 | 38.0120 | -4.2252 
938564964 | 38.0071 | -4.2338 
938564966 | 38.0063 | -4.2503 
938564967 | 38.0013 | -4.2574 
938564968 | 37.9890 | -4.2737 
972699194 | 37.9869 | -4.2763 
972699578 | 37.9849 | -4.2789 
972698947 | 37.9828 | -4.2816 
938564969 | 37.9806 | -4.2844 
972699573 | 37.9800 | -4.2853 
972698884 | 37.9795 | -4.2862 
972699733 | 37.9791 | -4.2872 
972699687 | 37.9787 | -4.2882 
972699102 | 37.9786 | -4.2893 
972699476 | 37.9784 | -4.2903 
972728798 | 37.9785 | -4.2915 
938564970 | 37.9786 | -4.2926 
972728891 | 37.9788 | -4.2933 
972728824 | 37.9791 | -4.2941 
972728951 | 37.9795 | -4.2951 
972729008 | 37.9806 | -4.2978 
972728794 | 37.9829 | -4.3030 
938564971 | 37.9873 | -4.3135 
1013895152 | 37.9879 | -4.3148 
1013895053 | 37.9883 | -4.3160 
1013894942 | 37.9887 | -4.3173 
1013895340 | 37.9889 | -4.3187 
1013895183 | 37.9893 | -4.3217 
1013895010 | 37.9897 | -4.3244 
1013894905 | 37.9902 | -4.3279 
1013895256 | 37.9905 | -4.3298 
1013894978 | 37.9905 | -4.3309 
1013894925 | 37.9905 | -4.3320 
1013895036 | 37.9904 | -4.3331 
1013895293 | 37.9902 | -4.3344 
1013894931 | 37.9887 | -4.3391 
1013894991 | 37.9882 | -4.3405 
1013895136 | 37.9879 | -4.3419 
1013895351 | 37.9878 | -4.3434 
938564974 | 37.9879 | -4.3448 
1013895379 | 37.9881 | -4.3457 
1013894957 | 37.9883 | -4.3465 
1013895083 | 37.9886 | -4.3473 
1013895070 | 37.9890 | -4.3480 
1013894963 | 37.9899 | -4.3494 
1013895236 | 37.9904 | -4.3499 
1013895029 | 37.9910 | -4.3503 
1013894910 | 37.9917 | -4.3508 
1013906444 | 37.9973 | -4.3539 
1013906438 | 38.0002 | -4.3554 
1013906457 | 38.0016 | -4.3562 
938564977 | 38.0027 | -4.3570 
972680289 | 38.0033 | -4.3576 
972680003 | 38.0038 | -4.3582 
972679936 | 38.0043 | -4.3589 
972680374 | 38.0046 | -4.3597 
972680151 | 38.0059 | -4.3631 
938564978 | 38.0077 | -4.3678 
972680388 | 38.0080 | -4.3689 
972680454 | 38.0081 | -4.3702 
972680114 | 38.0081 | -4.3713 
972679979 | 38.0079 | -4.3724 
972679922 | 38.0078 | -4.3735 
1013906441 | 38.0077 | -4.3741 
972680422 | 38.0077 | -4.3747 
972680357 | 38.0078 | -4.3756 
972680024 | 38.0080 | -4.3767 
972680071 | 38.0082 | -4.3778 
972680301 | 38.0084 | -4.3789 
972679939 | 38.0083 | -4.3800 
938564979 | 38.0081 | -4.3809 
938564980 | 38.0061 | -4.3868 
938564981 | 38.0060 | -4.3916 
1009085934 | 38.0065 | -4.3943 
1009085948 | 38.0068 | -4.3968 
1009086079 | 38.0064 | -4.3992 
938564982 | 38.0051 | -4.4017 
938564983 | 37.9969 | -4.4070 
1009085861 | 37.9956 | -4.4086 
938564984 | 37.9923 | -4.4159 
1009086004 | 37.9904 | -4.4177 
938564985 | 37.9882 | -4.4180 
938564986 | 37.9862 | -4.4168 
1009086120 | 37.9842 | -4.4162 
1009085977 | 37.9804 | -4.4162 
938564988 | 37.9773 | -4.4172 
1009085907 | 37.9744 | -4.4188 
1009086043 | 37.9713 | -4.4221 
938564989 | 37.9695 | -4.4234 
938564990 | 37.9634 | -4.4246 
1009086070 | 37.9619 | -4.4259 
1009086198 | 37.9590 | -4.4305 
938564991 | 37.9552 | -4.4381 
1009085995 | 37.9557 | -4.4455 
938564992 | 37.9553 | -4.4474 
524237729 | 37.9505 | -4.4540 
524237735 | 37.9490 | -4.4559 
524237736 | 37.9460 | -4.4574 
524237737 | 37.9435 | -4.4608 
524237740 | 37.9425 | -4.4653 
524237743 | 37.9413 | -4.4751 
952375801 | 37.9413 | -4.4769 
952376263 | 37.9413 | -4.4786 
952376079 | 37.9415 | -4.4823 
952376444 | 37.9420 | -4.4893 
952376501 | 37.9420 | -4.4910 
952375984 | 37.9422 | -4.4924 
952376599 | 37.9428 | -4.4946 
952376647 | 37.9431 | -4.4953 
952376074 | 37.9435 | -4.4962 
1013818440 | 37.9439 | -4.4971 
1013819042 | 37.9442 | -4.4977 
524256352 | 37.9449 | -4.4991 
952375847 | 37.9463 | -4.5022 
952376538 | 37.9472 | -4.5042 
952376785 | 37.9479 | -4.5057 
952376129 | 37.9486 | -4.5080 
952376377 | 37.9496 | -4.5110 
952376528 | 37.9508 | -4.5147 
952376609 | 37.9513 | -4.5168 
952376725 | 37.9515 | -4.5188 
952375931 | 37.9518 | -4.5207 
952376664 | 37.9519 | -4.5226 
524256341 | 37.9518 | -4.5244 
952376299 | 37.9516 | -4.5291 
952375835 | 37.9513 | -4.5313 
952376023 | 37.9510 | -4.5324 
524256337 | 37.9506 | -4.5336 
952376795 | 37.9493 | -4.5369 
524238134 | 37.9482 | -4.5386 
972520721 | 37.9476 | -4.5415 
972520666 | 37.9470 | -4.5429 
524238131 | 37.9463 | -4.5441 
972520709 | 37.9441 | -4.5477 
524238129 | 37.9417 | -4.5511 
524238126 | 37.9263 | -4.5776 
952449263 | 37.9254 | -4.5789 
524238123 | 37.9248 | -4.5797 
952449255 | 37.9241 | -4.5803 
952449236 | 37.9233 | -4.5807 
524238119 | 37.9221 | -4.5810 
952449254 | 37.9209 | -4.5811 
952449233 | 37.9200 | -4.5814 
952449229 | 37.9193 | -4.5818 
952449240 | 37.9168 | -4.5831 
1013797345 | 37.9161 | -4.5836 
952449220 | 37.9159 | -4.5838 
952449269 | 37.9152 | -4.5848 
952449210 | 37.9147 | -4.5856 
952449224 | 37.9144 | -4.5862 
952449259 | 37.9142 | -4.5868 
952449252 | 37.9141 | -4.5873 
952449215 | 37.9134 | -4.5905 
524238109 | 37.9126 | -4.5951 
952428923 | 37.9119 | -4.5988 
524246692 | 37.9112 | -4.6023 
524238104 | 37.9110 | -4.6040 
952429252 | 37.9110 | -4.6054 
952429041 | 37.9112 | -4.6067 
952429242 | 37.9114 | -4.6076 
952429033 | 37.9119 | -4.6089 
952429205 | 37.9171 | -4.6227 
524238099 | 37.9226 | -4.6364 
524244761 | 37.9295 | -4.6555 
952303695 | 37.9313 | -4.6600 
952303659 | 37.9317 | -4.6613 
952303852 | 37.9326 | -4.6634 
952303777 | 37.9332 | -4.6651 
952303428 | 37.9336 | -4.6663 
952303416 | 37.9339 | -4.6675 
952303626 | 37.9340 | -4.6685 
952303566 | 37.9340 | -4.6690 
952303524 | 37.9341 | -4.6695 
952303738 | 37.9341 | -4.6702 
952303491 | 37.9339 | -4.6710 
952303707 | 37.9338 | -4.6719 
952303624 | 37.9333 | -4.6735 
952303822 | 37.9325 | -4.6765 
952303785 | 37.9321 | -4.6780 
952303455 | 37.9314 | -4.6794 
952303905 | 37.9311 | -4.6802 
952303582 | 37.9302 | -4.6816 
952303540 | 37.9295 | -4.6826 
952303760 | 37.9282 | -4.6847 
914759940 | 37.9259 | -4.6886 
914759997 | 37.9238 | -4.6919 
914759992 | 37.9230 | -4.6934 
914759952 | 37.9221 | -4.6954 
914760004 | 37.9213 | -4.6976 
914760026 | 37.9212 | -4.6979 
914760015 | 37.9211 | -4.6984 
914759968 | 37.9204 | -4.7012 
914759966 | 37.9198 | -4.7033 
914760023 | 37.9196 | -4.7044 
914759977 | 37.9196 | -4.7057 
914759937 | 37.9195 | -4.7071 
914760027 | 37.9194 | -4.7076 
914759936 | 37.9194 | -4.7085 
914759990 | 37.9193 | -4.7089 
914759951 | 37.9189 | -4.7097 
914760003 | 37.9184 | -4.7109 
914759949 | 37.9177 | -4.7118 
914760002 | 37.9166 | -4.7127 
914759965 | 37.9150 | -4.7140 
914760018 | 37.9142 | -4.7147 
914760010 | 37.9137 | -4.7153 
952336135 | 37.9134 | -4.7157 
952336076 | 37.9131 | -4.7164 
952335768 | 37.9128 | -4.7172 
952335558 | 37.9127 | -4.7176 
914759984 | 37.9126 | -4.7182 
952335658 | 37.9125 | -4.7188 
914760000 | 37.9125 | -4.7193 
408608742 | 37.9125 | -4.7199 
408608743 | 37.9125 | -4.7202 
408608744 | 37.9125 | -4.7204 
408608747 | 37.9126 | -4.7211 
408608748 | 37.9127 | -4.7219 
408608749 | 37.9127 | -4.7227 
408608751 | 37.9128 | -4.7237 
408608752 | 37.9130 | -4.7254 
408608753 | 37.9131 | -4.7273 
408608754 | 37.9131 | -4.7286 
408608756 | 37.9130 | -4.7298 
408608757 | 37.9126 | -4.7313 
408608758 | 37.9121 | -4.7327 
408608760 | 37.9109 | -4.7352 
408608761 | 37.9101 | -4.7370 
408608762 | 37.9092 | -4.7388 
408608763 | 37.9080 | -4.7413 
408608765 | 37.9067 | -4.7442 
408608766 | 37.9059 | -4.7457 
408608767 | 37.9054 | -4.7475 
408608768 | 37.9046 | -4.7507 
408608770 | 37.9041 | -4.7531 
408608771 | 37.9033 | -4.7562 
1123348938 | 37.9030 | -4.7572 
408608772 | 37.9027 | -4.7582 
408608774 | 37.9017 | -4.7604 
408608775 | 37.9006 | -4.7629 
408608776 | 37.8998 | -4.7648 
408608777 | 37.8988 | -4.7669 
1119879513 | 37.8986 | -4.7675 
1119879519 | 37.8985 | -4.7677 
1119879534 | 37.8984 | -4.7676 
1133593885 | 37.8978 | -4.7690 
247377448 | 37.8976 | -4.7693 
247377365 | 37.8968 | -4.7712 
247378141 | 37.8964 | -4.7723 
1277501810 | 37.8961 | -4.7729 
247378650 | 37.8948 | -4.7760 
281546167 | 37.8907 | -4.7850 
428981228 | 37.8897 | -4.7872 
330002352 | 37.8895 | -4.7875 
330002351 | 37.8894 | -4.7878 
1101889835 | 37.8887 | -4.7893 
281547607 | 37.8876 | -4.7916 
423953005 | 37.8868 | -4.7936 
281546162 | 37.8860 | -4.7954 
281547605 | 37.8830 | -4.8021 
288327078 | 37.8809 | -4.8066 
288327080 | 37.8797 | -4.8090 
288327081 | 37.8790 | -4.8108 
294781543 | 37.8786 | -4.8118 
288327082 | 37.8780 | -4.8132 
288327083 | 37.8772 | -4.8160 
288327084 | 37.8763 | -4.8190 
288327085 | 37.8761 | -4.8196 
288327088 | 37.8759 | -4.8204 
288327090 | 37.8756 | -4.8212 
289399957 | 37.8754 | -4.8220 
289400331 | 37.8740 | -4.8268 
289399962 | 37.8729 | -4.8304 
289400332 | 37.8718 | -4.8341 
289399966 | 37.8714 | -4.8354 
289400556 | 37.8692 | -4.8426 
289400456 | 37.8686 | -4.8446 
289400335 | 37.8678 | -4.8473 
289400557 | 37.8661 | -4.8532 
289400459 | 37.8650 | -4.8567 
289400338 | 37.8642 | -4.8596 
289400339 | 37.8633 | -4.8626 
289400461 | 37.8624 | -4.8657 
289400462 | 37.8608 | -4.8708 
289400522 | 37.8594 | -4.8754 
289400464 | 37.8580 | -4.8802 
289400465 | 37.8568 | -4.8844 
289400558 | 37.8561 | -4.8867 
289402055 | 37.8553 | -4.8900 
289400468 | 37.8547 | -4.8923 
289400560 | 37.8538 | -4.8952 
289400527 | 37.8532 | -4.8972 
289400528 | 37.8515 | -4.9026 
289400529 | 37.8500 | -4.9074 
289400530 | 37.8486 | -4.9119 
289401721 | 37.8477 | -4.9152 
289401722 | 37.8463 | -4.9199 
289402236 | 37.8448 | -4.9249 
289402057 | 37.8431 | -4.9309 
289402058 | 37.8413 | -4.9369 
289401726 | 37.8398 | -4.9418 
289401727 | 37.8381 | -4.9478 
289401728 | 37.8363 | -4.9533 
289402237 | 37.8345 | -4.9574 
289402238 | 37.8319 | -4.9620 
289402061 | 37.8297 | -4.9655 
289402239 | 37.8275 | -4.9690 
289402240 | 37.8256 | -4.9727 
289402241 | 37.8242 | -4.9761 
289402242 | 37.8235 | -4.9783 
289402243 | 37.8230 | -4.9796 
881139542 | 37.8229 | -4.9802 
881139427 | 37.8224 | -4.9817 
289402245 | 37.8221 | -4.9826 
881139410 | 37.8220 | -4.9830 
289402246 | 37.8217 | -4.9841 
289402247 | 37.8211 | -4.9869 
881139446 | 37.8205 | -4.9891 
289402248 | 37.8199 | -4.9913 
881116238 | 37.8197 | -4.9921 
881116428 | 37.8195 | -4.9930 
881116200 | 37.8190 | -4.9946 
307513927 | 37.8182 | -4.9980 
881116393 | 37.8176 | -5.0000 
307513928 | 37.8169 | -5.0021 
881115942 | 37.8161 | -5.0042 
307513929 | 37.8151 | -5.0063 
881116306 | 37.8143 | -5.0076 
307513930 | 37.8135 | -5.0090 
881116342 | 37.8131 | -5.0096 
881116009 | 37.8126 | -5.0102 
307513931 | 37.8118 | -5.0115 
881116365 | 37.8112 | -5.0122 
307513932 | 37.8107 | -5.0130 
307513933 | 37.8096 | -5.0146 
307513934 | 37.8085 | -5.0167 
307513935 | 37.8076 | -5.0186 
881139434 | 37.8071 | -5.0197 
307513936 | 37.8066 | -5.0209 
307513937 | 37.8060 | -5.0229 
881139493 | 37.8057 | -5.0238 
881139545 | 37.8054 | -5.0247 
307513938 | 37.8051 | -5.0264 
881139572 | 37.8048 | -5.0280 
307513939 | 37.8046 | -5.0296 
881139424 | 37.8044 | -5.0310 
307513940 | 37.8043 | -5.0324 
307513941 | 37.8043 | -5.0347 
307513942 | 37.8044 | -5.0369 
307513943 | 37.8047 | -5.0393 
307513960 | 37.8049 | -5.0412 
307513961 | 37.8054 | -5.0432 
307513962 | 37.8057 | -5.0448 
307513963 | 37.8063 | -5.0469 
307513964 | 37.8078 | -5.0503 
881139569 | 37.8084 | -5.0518 
307513965 | 37.8092 | -5.0533 
959835949 | 37.8095 | -5.0541 
881139551 | 37.8099 | -5.0550 
307514283 | 37.8103 | -5.0563 
307514284 | 37.8111 | -5.0591 
307514285 | 37.8119 | -5.0621 
307514286 | 37.8125 | -5.0652 
307514287 | 37.8128 | -5.0679 
307514288 | 37.8130 | -5.0711 
881151724 | 37.8130 | -5.0729 
307514289 | 37.8130 | -5.0745 
881151658 | 37.8129 | -5.0763 
307514290 | 37.8127 | -5.0780 
881151719 | 37.8125 | -5.0794 
881151625 | 37.8124 | -5.0800 
881151697 | 37.8124 | -5.0804 
881151687 | 37.8121 | -5.0818 
307514291 | 37.8118 | -5.0831 
881151610 | 37.8114 | -5.0848 
307514292 | 37.8110 | -5.0867 
881151715 | 37.8106 | -5.0886 
307514293 | 37.8103 | -5.0902 
307514294 | 37.8098 | -5.0931 
307514295 | 37.8097 | -5.0957 
307514296 | 37.8095 | -5.0986 
307514297 | 37.8098 | -5.1027 
881280731 | 37.8098 | -5.1034 
881281114 | 37.8099 | -5.1036 
881281016 | 37.8099 | -5.1042 
881280811 | 37.8101 | -5.1065 
881281191 | 37.8102 | -5.1082 
881281185 | 37.8102 | -5.1087 
881281053 | 37.8103 | -5.1105 
881280838 | 37.8103 | -5.1114 
307514615 | 37.8103 | -5.1123 
881280937 | 37.8102 | -5.1144 
881280728 | 37.8101 | -5.1155 
881280769 | 37.8101 | -5.1160 
307514616 | 37.8100 | -5.1174 
881281070 | 37.8098 | -5.1190 
307514617 | 37.8095 | -5.1206 
881280940 | 37.8090 | -5.1237 
307514618 | 37.8089 | -5.1241 
881281146 | 37.8084 | -5.1259 
307514619 | 37.8080 | -5.1275 
881281190 | 37.8075 | -5.1290 
307514620 | 37.8070 | -5.1305 
881281012 | 37.8064 | -5.1323 
307514621 | 37.8057 | -5.1339 
307514622 | 37.8044 | -5.1367 
881319545 | 37.8031 | -5.1391 
307515500 | 37.8018 | -5.1413 
307515501 | 37.8000 | -5.1443 
881367592 | 37.7989 | -5.1465 
307515502 | 37.7978 | -5.1488 
881367910 | 37.7969 | -5.1510 
307515503 | 37.7962 | -5.1533 
881367510 | 37.7955 | -5.1554 
307515504 | 37.7950 | -5.1576 
881367764 | 37.7944 | -5.1604 
307515506 | 37.7938 | -5.1633 
881367939 | 37.7918 | -5.1729 
307515508 | 37.7914 | -5.1754 
881367579 | 37.7912 | -5.1768 
881367514 | 37.7910 | -5.1781 
307515509 | 37.7907 | -5.1808 
881367624 | 37.7907 | -5.1851 
881367944 | 37.7907 | -5.1873 
881367701 | 37.7907 | -5.1895 
881367720 | 37.7905 | -5.1910 
881367823 | 37.7904 | -5.1926 
307515512 | 37.7902 | -5.1943 
881367862 | 37.7897 | -5.1972 
881367545 | 37.7888 | -5.2008 
881367985 | 37.7882 | -5.2026 
881367788 | 37.7876 | -5.2045 
881367893 | 37.7865 | -5.2072 
881367608 | 37.7858 | -5.2090 
881367708 | 37.7849 | -5.2108 
881385456 | 37.7834 | -5.2134 
881385234 | 37.7817 | -5.2160 
881385313 | 37.7801 | -5.2183 
307515519 | 37.7787 | -5.2205 
881385441 | 37.7775 | -5.2225 
881385223 | 37.7764 | -5.2246 
881385501 | 37.7754 | -5.2265 
881385386 | 37.7748 | -5.2277 
881385309 | 37.7730 | -5.2312 
881385280 | 37.7713 | -5.2346 
881385508 | 37.7695 | -5.2381 
881385204 | 37.7684 | -5.2401 
881385497 | 37.7675 | -5.2418 
881385368 | 37.7665 | -5.2435 
881385451 | 37.7648 | -5.2470 
881385381 | 37.7629 | -5.2506 
881385295 | 37.7566 | -5.2627 
881385305 | 37.7534 | -5.2689 
881385504 | 37.7518 | -5.2719 
307515523 | 37.7503 | -5.2748 
881385214 | 37.7479 | -5.2795 
881385438 | 37.7466 | -5.2819 
881385360 | 37.7448 | -5.2853 
881385390 | 37.7440 | -5.2870 
881385464 | 37.7431 | -5.2887 
881385290 | 37.7423 | -5.2903 
881385210 | 37.7412 | -5.2927 
881385428 | 37.7402 | -5.2951 
881385434 | 37.7392 | -5.2975 
881385377 | 37.7375 | -5.3019 
307515675 | 37.7356 | -5.3067 
1069278096 | 37.7355 | -5.3071 
1069374490 | 37.7350 | -5.3082 
1069375046 | 37.7350 | -5.3083 
307515676 | 37.7339 | -5.3111 
307515677 | 37.7322 | -5.3154 
1069315713 | 37.7270 | -5.3286 
1069316457 | 37.7270 | -5.3288 
307515678 | 37.7259 | -5.3315 
1069277817 | 37.7226 | -5.3399 
1069277994 | 37.7210 | -5.3444 
1069277795 | 37.7198 | -5.3480 
1069277846 | 37.7195 | -5.3489 
1069278160 | 37.7182 | -5.3533 
1069278034 | 37.7174 | -5.3564 
1069277781 | 37.7172 | -5.3569 
1069277857 | 37.7169 | -5.3581 
1069356119 | 37.7163 | -5.3603 
1226743561 | 37.7130 | -5.3717 
307515683 | 37.7102 | -5.3806 
307515684 | 37.7054 | -5.3974 
307515685 | 37.6944 | -5.4367 
1069348491 | 37.6924 | -5.4456 
1069348731 | 37.6894 | -5.4575 
307515687 | 37.6871 | -5.4664 
307515688 | 37.6853 | -5.4744 
1418292675 | 37.6847 | -5.4769 
307515689 | 37.6838 | -5.4801 
1419201215 | 37.6836 | -5.4808 
307515690 | 37.6829 | -5.4827 
1419201206 | 37.6822 | -5.4844 
307515691 | 37.6816 | -5.4858 
307515692 | 37.6798 | -5.4894 
307515782 | 37.6775 | -5.4930 
307515783 | 37.6762 | -5.4951 
307515784 | 37.6747 | -5.4982 
307515785 | 37.6737 | -5.5004 
307515786 | 37.6725 | -5.5035 
307515787 | 37.6714 | -5.5070 
307515789 | 37.6707 | -5.5103 
307515790 | 37.6696 | -5.5150 
307515791 | 37.6694 | -5.5197 
307515792 | 37.6690 | -5.5238 
307515793 | 37.6687 | -5.5261 
1226743538 | 37.6681 | -5.5289 
307515964 | 37.6674 | -5.5316 
1069391500 | 37.6669 | -5.5333 
1069391526 | 37.6665 | -5.5344 
1069391568 | 37.6661 | -5.5353 
1069391551 | 37.6653 | -5.5373 
1069391583 | 37.6644 | -5.5393 
1069391561 | 37.6634 | -5.5411 
1069391504 | 37.6627 | -5.5422 
1069391495 | 37.6621 | -5.5431 
1069391472 | 37.6616 | -5.5439 
1069391595 | 37.6606 | -5.5452 
307515969 | 37.6582 | -5.5481 
307515970 | 37.6550 | -5.5506 
307515971 | 37.6518 | -5.5526 
307515972 | 37.6497 | -5.5541 
307515973 | 37.6470 | -5.5560 
307515974 | 37.6444 | -5.5583 
307516125 | 37.6431 | -5.5596 
307516126 | 37.6412 | -5.5621 
307516127 | 37.6399 | -5.5641 
307516128 | 37.6384 | -5.5670 
307516129 | 37.6356 | -5.5736 
307516130 | 37.6337 | -5.5782 
307516131 | 37.6315 | -5.5820 
307516132 | 37.6296 | -5.5850 
307516133 | 37.6270 | -5.5884 
307516134 | 37.6240 | -5.5916 
307516135 | 37.6208 | -5.5946 
1418201254 | 37.6198 | -5.5957 
1418201171 | 37.6184 | -5.5969 
1418201147 | 37.6182 | -5.5972 
307516136 | 37.6156 | -5.5997 
307516137 | 37.6131 | -5.6023 
307516138 | 37.6104 | -5.6058 
243997656 | 37.6087 | -5.6086 
1254086138 | 37.6060 | -5.6132 
1254086122 | 37.6058 | -5.6135 
243997657 | 37.5915 | -5.6381 
982827614 | 37.5911 | -5.6389 
982827253 | 37.5907 | -5.6396 
243997658 | 37.5903 | -5.6404 
243997659 | 37.5892 | -5.6428 
243997660 | 37.5882 | -5.6454 
243997661 | 37.5874 | -5.6480 
243997662 | 37.5867 | -5.6506 
243997663 | 37.5862 | -5.6528 
243997664 | 37.5857 | -5.6556 
243997665 | 37.5853 | -5.6586 
243997666 | 37.5852 | -5.6617 
243997667 | 37.5851 | -5.6645 
982838794 | 37.5853 | -5.6706 
982839075 | 37.5853 | -5.6714 
243997668 | 37.5861 | -5.6993 
243997654 | 37.5862 | -5.7016 
243997655 | 37.5863 | -5.7090 
243997710 | 37.5865 | -5.7121 
243997711 | 37.5867 | -5.7150 
243997712 | 37.5875 | -5.7226 
243997713 | 37.5878 | -5.7255 
243997714 | 37.5879 | -5.7282 
243997715 | 37.5879 | -5.7309 
243997716 | 37.5878 | -5.7336 
243997717 | 37.5876 | -5.7359 
243997718 | 37.5872 | -5.7383 
243997719 | 37.5868 | -5.7412 
243997849 | 37.5692 | -5.8303 
243997850 | 37.5687 | -5.8325 
243997851 | 37.5681 | -5.8348 
243997852 | 37.5675 | -5.8368 
243997853 | 37.5669 | -5.8384 
243997854 | 37.5658 | -5.8411 
243997855 | 37.5639 | -5.8450 
243997856 | 37.5627 | -5.8470 
243997857 | 37.5614 | -5.8490 
243997858 | 37.5599 | -5.8511 
248803484 | 37.5463 | -5.8663 
243997859 | 37.4748 | -5.9452 
243997860 | 37.4731 | -5.9470 
243997861 | 37.4719 | -5.9482 
243997953 | 37.4704 | -5.9496 
243997961 | 37.4690 | -5.9508 
243997962 | 37.4671 | -5.9522 
243997963 | 37.4569 | -5.9591 
243997964 | 37.4554 | -5.9599 
243997965 | 37.4549 | -5.9601 
243997966 | 37.4540 | -5.9604 
243997912 | 37.4535 | -5.9606 
243997911 | 37.4529 | -5.9607 
244072650 | 37.4520 | -5.9609 
244072841 | 37.4516 | -5.9611 
244072842 | 37.4506 | -5.9614 
244072843 | 37.4492 | -5.9621 
244072844 | 37.4486 | -5.9625 
244072845 | 37.4480 | -5.9630 
244072846 | 37.4474 | -5.9635 
244072847 | 37.4465 | -5.9644 
244072849 | 37.4458 | -5.9652 
244072850 | 37.4455 | -5.9658 
244072851 | 37.4453 | -5.9662 
244072852 | 37.4451 | -5.9666 
244072853 | 37.4448 | -5.9670 
244072854 | 37.4445 | -5.9675 
244072855 | 37.4441 | -5.9678 
244073129 | 37.4434 | -5.9683 
244072361 | 37.4405 | -5.9702 
244078273 | 37.4394 | -5.9711 
244078272 | 37.4385 | -5.9720 
715654976 | 37.4380 | -5.9726 
244078271 | 37.4376 | -5.9732 
244078270 | 37.4367 | -5.9745 
244078269 | 37.4357 | -5.9765 
244078268 | 37.4350 | -5.9785 
244078267 | 37.4345 | -5.9797 
244078266 | 37.4338 | -5.9814 
244078265 | 37.4330 | -5.9834 
244078264 | 37.4313 | -5.9871 
244097047 | 37.4262 | -6.0003 
244097048 | 37.4258 | -6.0011 
917022534 | 37.4235 | -6.0073 
917022476 | 37.4219 | -6.0113 
244078263 | 37.4191 | -6.0186 
244078262 | 37.4185 | -6.0204 
244078261 | 37.4179 | -6.0224 
244078260 | 37.4174 | -6.0243 
244078259 | 37.4170 | -6.0257 
244078258 | 37.4167 | -6.0276 
244078257 | 37.4165 | -6.0293 
244078256 | 37.4164 | -6.0308 
244078255 | 37.4163 | -6.0325 
244078254 | 37.4163 | -6.0340 
244078253 | 37.4164 | -6.0348 
244078252 | 37.4165 | -6.0357 
244078251 | 37.4167 | -6.0368 
244078250 | 37.4169 | -6.0377 
244078249 | 37.4172 | -6.0386 
244078248 | 37.4176 | -6.0398 
244078247 | 37.4180 | -6.0408 
244078246 | 37.4186 | -6.0420 
244078245 | 37.4193 | -6.0432 
244078244 | 37.4202 | -6.0444 
244078243 | 37.4235 | -6.0486 
244078241 | 37.4242 | -6.0495 
244078240 | 37.4248 | -6.0506 
244078239 | 37.4251 | -6.0513 
244078238 | 37.4255 | -6.0523 
244078237 | 37.4258 | -6.0533 
244078236 | 37.4261 | -6.0547 
1407424706 | 37.4263 | -6.0554 
244078235 | 37.4269 | -6.0578 
244078234 | 37.4271 | -6.0586 
244078233 | 37.4275 | -6.0596 
244078232 | 37.4279 | -6.0607 
244078231 | 37.4300 | -6.0650 
244078230 | 37.4304 | -6.0658 
244078229 | 37.4306 | -6.0663 
244078228 | 37.4307 | -6.0670 
244078227 | 37.4308 | -6.0676 
244078226 | 37.4308 | -6.0682 
244078225 | 37.4307 | -6.0689 
244078224 | 37.4304 | -6.0701 
244078223 | 37.4304 | -6.0707 
244078222 | 37.4304 | -6.0712 
244078221 | 37.4304 | -6.0719 
244078220 | 37.4306 | -6.0728 
244078219 | 37.4307 | -6.0740 
244078218 | 37.4307 | -6.0746 
244078217 | 37.4307 | -6.0753 
244078216 | 37.4306 | -6.0759 
244078215 | 37.4304 | -6.0765 
244078214 | 37.4301 | -6.0773 
244078213 | 37.4251 | -6.0874 
244078212 | 37.4247 | -6.0881 
244078211 | 37.4242 | -6.0889 
244078210 | 37.4237 | -6.0895 
244078209 | 37.4230 | -6.0900 
244078208 | 37.4223 | -6.0903 
244078207 | 37.4183 | -6.0923 
244078206 | 37.4178 | -6.0926 
244078205 | 37.4171 | -6.0932 
937548881 | 37.4139 | -6.0959 
937548011 | 37.4137 | -6.0956 
904971478 | 37.4139 | -6.0955 
1367179633 | 37.4140 | -6.0948 
937547539 | 37.4139 | -6.0942 
249078042 | 37.4137 | -6.0927 
249078041 | 37.4136 | -6.0914 
249078040 | 37.4136 | -6.0905 
249077911 | 37.4138 | -6.0889 
249077910 | 37.4139 | -6.0879 
249077909 | 37.4140 | -6.0873 
886667662 | 37.4139 | -6.0869 
1234134436 | 37.4139 | -6.0869 
1234135679 | 37.4138 | -6.0869 
1234135262 | 37.4138 | -6.0869 
1234134844 | 37.4138 | -6.0868 
1234134994 | 37.4137 | -6.0867 
1234135449 | 37.4137 | -6.0867 
1401037450 | 37.4130 | -6.0869 
1407398813 | 37.4120 | -6.0871 
1407398814 | 37.4119 | -6.0875 
1407398815 | 37.4105 | -6.0878 
1367179547 | 37.4100 | -6.0883 
1367179522 | 37.4090 | -6.0895 
937547550 | 37.4085 | -6.0878 
937547549 | 37.4079 | -6.0856 
937547547 | 37.4073 | -6.0829 
937547545 | 37.4070 | -6.0821 
937547544 | 37.4066 | -6.0811 
937547543 | 37.4060 | -6.0801 
937547542 | 37.4048 | -6.0776 
1234134912 | 37.4046 | -6.0772 
932747761 | 37.4046 | -6.0771 
1485582918 | 37.4045 | -6.0769 
932747829 | 37.4044 | -6.0764 
932747881 | 37.4041 | -6.0760 
932747833 | 37.4039 | -6.0754 
932747742 | 37.4036 | -6.0751 
1485582898 | 37.4036 | -6.0751 
932747741 | 37.4035 | -6.0747 
932747740 | 37.4034 | -6.0741 
932747737 | 37.4033 | -6.0736 
932747734 | 37.4029 | -6.0725 
900992737 | 37.4028 | -6.0718 
900992741 | 37.4024 | -6.0708 
900992744 | 37.4023 | -6.0698 
900992747 | 37.4022 | -6.0692 
900992751 | 37.4020 | -6.0689 
932748006 | 37.4019 | -6.0688 
900992754 | 37.4018 | -6.0686 
900992756 | 37.4010 | -6.0677 
900992768 | 37.4007 | -6.0674 
900992772 | 37.4004 | -6.0668 
900992776 | 37.4004 | -6.0664 
913287025 | 37.4005 | -6.0662 
913287026 | 37.4005 | -6.0658 
1401037594 | 37.4004 | -6.0651 
913287028 | 37.3999 | -6.0631 
913287029 | 37.3999 | -6.0624 
913287031 | 37.4002 | -6.0599 
913287033 | 37.4004 | -6.0583 
913287034 | 37.4005 | -6.0567 
913287036 | 37.4006 | -6.0562 
1234135554 | 37.4001 | -6.0535 
1234134948 | 37.4001 | -6.0529 
1234134898 | 37.4000 | -6.0518 
1234134819 | 37.4000 | -6.0513 
900981188 | 37.4001 | -6.0509 
900833063 | 37.4001 | -6.0506 
900833060 | 37.4002 | -6.0500 
900833057 | 37.4001 | -6.0488 
900833055 | 37.4000 | -6.0487 
1234135328 | 37.3998 | -6.0484 
900833050 | 37.3998 | -6.0481 
900833047 | 37.3997 | -6.0475 
1313507408 | 37.3997 | -6.0473 
1313507455 | 37.3999 | -6.0474 
1313507572 | 37.4001 | -6.0473 
1313507374 | 37.4002 | -6.0471 
1313507437 | 37.4008 | -6.0463 
912767293 | 37.4010 | -6.0464 
912767292 | 37.4011 | -6.0459 
1234134835 | 37.4011 | -6.0457 
249077854 | 37.4013 | -6.0445 
891066716 | 37.4013 | -6.0443 
1234134764 | 37.4015 | -6.0449 
1234135149 | 37.4017 | -6.0449 
1234134413 | 37.4021 | -6.0449 
1234134464 | 37.4022 | -6.0448 
1234135529 | 37.4030 | -6.0427 
1234135153 | 37.4030 | -6.0424 
1234134418 | 37.4029 | -6.0417 
1234135626 | 37.4033 | -6.0414 
913280514 | 37.4019 | -6.0382 
891067136 | 37.4022 | -6.0382 
891067138 | 37.4030 | -6.0384 
891067286 | 37.4031 | -6.0381 
891068340 | 37.4032 | -6.0378 
891068403 | 37.4033 | -6.0376 
891067438 | 37.4033 | -6.0374 
891068400 | 37.4033 | -6.0371 
891068126 | 37.4034 | -6.0368 
882445286 | 37.4037 | -6.0367 
913279635 | 37.4054 | -6.0365 
904584991 | 37.4053 | -6.0357 
882444528 | 37.4069 | -6.0357 
904584993 | 37.4072 | -6.0357 
882444697 | 37.4076 | -6.0357 
882444810 | 37.4066 | -6.0322 
882444492 | 37.4055 | -6.0314 
882447207 | 37.4033 | -6.0297 
882447208 | 37.4011 | -6.0281 
911214897 | 37.4004 | -6.0277 
913197696 | 37.4003 | -6.0276 
882447209 | 37.4000 | -6.0274 
882447212 | 37.3986 | -6.0268 
882446137 | 37.3973 | -6.0263 
882447217 | 37.3958 | -6.0260 
780369957 | 37.3948 | -6.0259 
1411107465 | 37.3947 | -6.0256 
1411107478 | 37.3946 | -6.0252 
618672490 | 37.3945 | -6.0248 
618672486 | 37.3938 | -6.0230 
618672484 | 37.3933 | -6.0215 
1226427107 | 37.3931 | -6.0202 
1226427106 | 37.3931 | -6.0202 
1226426839 | 37.3931 | -6.0201 
912028265 | 37.3929 | -6.0192 
912028957 | 37.3926 | -6.0182 
912029025 | 37.3921 | -6.0157 
912028267 | 37.3920 | -6.0155 
912028270 | 37.3920 | -6.0150 
912028272 | 37.3920 | -6.0146 
912028275 | 37.3922 | -6.0144 
912028277 | 37.3923 | -6.0143 
688360462 | 37.3928 | -6.0140 
688360463 | 37.3928 | -6.0136 
688360469 | 37.3927 | -6.0130 
1342688467 | 37.3925 | -6.0121 
1226426016 | 37.3923 | -6.0109 
1342688465 | 37.3923 | -6.0109 
1132939885 | 37.3913 | -6.0112 
1132939831 | 37.3902 | -6.0106 
1132939989 | 37.3902 | -6.0106 
304792438 | 37.3900 | -6.0105 
314306943 | 37.3898 | -6.0104 
314305561 | 37.3897 | -6.0103 
325686708 | 37.3893 | -6.0104 
325686912 | 37.3887 | -6.0105 
622496293 | 37.3885 | -6.0097 
622497571 | 37.3884 | -6.0093 
882292639 | 37.3882 | -6.0085 
325687025 | 37.3882 | -6.0083 
325686539 | 37.3880 | -6.0078 
788758235 | 37.3879 | -6.0077 
348094167 | 37.3879 | -6.0076 
325686982 | 37.3873 | -6.0069 
325688194 | 37.3857 | -6.0054 
325686984 | 37.3850 | -6.0051 
348094399 | 37.3848 | -6.0049 
325686985 | 37.3843 | -6.0042 
84808268 | 37.3848 | -6.0037 
1433132500 | 37.3850 | -6.0035 
324815976 | 37.3851 | -6.0035 
1424626509 | 37.3854 | -6.0032 
84808272 | 37.3856 | -6.0030 
308851583 | 37.3857 | -6.0029 
308851584 | 37.3870 | -6.0017 
84808273 | 37.3871 | -6.0017 
1409949985 | 37.3872 | -6.0016 
1424619460 | 37.3872 | -6.0016 
84808275 | 37.3874 | -6.0015 
1409949830 | 37.3873 | -6.0014 
308847843 | 37.3871 | -6.0011 
1409949981 | 37.3872 | -6.0010 
691013626 | 37.3875 | -6.0007 
691013631 | 37.3868 | -5.9997 
691013635 | 37.3867 | -5.9999 
198285345 | 37.3867 | -5.9983 
310295161 | 37.3865 | -5.9977 
198285858 | 37.3864 | -5.9974 
198285872 | 37.3862 | -5.9966 
691013698 | 37.3862 | -5.9967 
199365943 | 37.3858 | -5.9964 
199365947 | 37.3858 | -5.9964 
199365949 | 37.3859 | -5.9962 
199365950 | 37.3861 | -5.9960 
195972020 | 37.3862 | -5.9962 
195972019 | 37.3862 | -5.9960 
813266031 | 37.3863 | -5.9960 
195972016 | 37.3865 | -5.9947 
308850763 | 37.3866 | -5.9947 
710632998 | 37.3866 | -5.9942 
1424942224 | 37.3866 | -5.9942 
195971433 | 37.3867 | -5.9941 
710632999 | 37.3867 | -5.9941 
195977228 | 37.3867 | -5.9933 
195978923 | 37.3867 | -5.9930 
195977231 | 37.3868 | -5.9925 
195977233 | 37.3864 | -5.9925 
195977234 | 37.3863 | -5.9924 
195977236 | 37.3863 | -5.9919 
1344516329 | 37.3862 | -5.9918 
710632992 | 37.3862 | -5.9918 
195977239 | 37.3861 | -5.9917 
